Barcode,TSNE-1,TSNE-2
AAACGAATCAAAGCCT-1,9.053722616416355,-23.515152566179033
AAACGCTGTAATGTGA-1,5.300359525705962,-2.021894761996389
AAACGCTGTCCTGGGT-1,33.76325853047355,13.872550579757872
AAAGAACCAGGACATG-1,-3.3520902469421596,1.7701306123252103
AAAGGTACACACGGTC-1,27.92569242308878,2.9095949507679126
AAAGTCCAGTCACTAC-1,-18.499807838141578,3.750256514337891
AAAGTCCGTGACTGTT-1,16.107554983917947,-26.975008409607536
AAAGTCCTCCAGCCTT-1,15.677379895222886,2.2555747000826214
AAAGTGAGTTCCTAAG-1,-7.116877339163473,20.49504122294043
AAAGTGATCAGTGGGA-1,-1.3539158140951713,-20.34221178378383
AAATGGAGTAGCGTCC-1,9.03210783429753,-19.71627794887113
AACAAAGGTGTGAGCA-1,8.793822500389695,0.6844514905011593
AACAACCCAGAGGCTA-1,9.518468574704494,-23.81271634259251
AACAACCCATGTGACT-1,-19.787117162256756,5.347813785168129
AACAACCGTACTCGCG-1,-36.061745705840835,-0.02139931474058429
AACAAGAAGAGGTTAT-1,22.107399644294834,-29.846239079223867
AACACACAGTGCTAGG-1,12.379825372000418,14.469407501226422
AACACACGTTACGATC-1,-36.46672256400578,-0.04747556917499682
AACAGGGTCAATCCGA-1,-5.883988538191855,-18.820008917076006
AACCAACAGAGAGTGA-1,24.116891443674366,-28.73710888733989
AACCAACAGAGATTCA-1,-15.808367986608767,11.750022445847703
AACCAACAGATAACGT-1,25.485861267660415,-21.19732432721445
AACCAACTCCCTCAAC-1,-41.93108487692965,-7.45503161227604
AACCATGTCTTCGGAA-1,-7.0974484239423745,22.04577362234572
AACCCAACACCGGAAA-1,26.925384786443693,10.281848499362523
AACCTTTAGCCATTCA-1,15.469973372997194,1.0492084869520382
AACCTTTAGTTTAGGA-1,-17.614230041048923,15.453041897715714
AACCTTTCAGGTACGA-1,9.242851742071656,-24.07026204768568
AACCTTTCATCTCATT-1,8.187373898983758,7.901200021102608
AACGTCAGTCGCACGT-1,-5.58509833320649,-13.511798936073436
AAGACAAAGACATCCT-1,17.417628604362648,-20.494455328383538
AAGACAAAGAGGTGCT-1,11.028031804644343,11.739622796163076
AAGACTCCAGAGTAAT-1,-17.18780016626767,11.137496756312578
AAGATAGTCGCGTGAC-1,6.605475358606496,1.4973564409766111
AAGATAGTCTACACTT-1,1.7740518223046948,1.7986910058442436
AAGCATCCAGCGGTCT-1,6.9167203768597405,-21.882395027784913
AAGCATCTCAAGCTGT-1,18.853007869654935,10.225982092079402
AAGCCATGTTCGTGCG-1,5.357808441785012,-21.81366353825348
AAGCGAGCACCGTGCA-1,-2.0717004825177265,-20.512344431845978
AAGCGTTAGAGGTATT-1,6.534651957760392,-21.720352968793485
AAGCGTTTCGGACGTC-1,12.67104126314595,-23.382778429806518
AAGGAATAGATCCCAT-1,33.98476244831238,12.34322287732825
AAGGAATAGGCGAAGG-1,10.922970823637662,15.170144139097149
AAGGTAACATGACTGT-1,-15.485501267525335,10.956353601669608
AAGGTAAGTAGACACG-1,1.6136302734726156,5.934392986861537
AAGTACCTCCCTAGGG-1,27.57848019744991,10.500771019434625
AAGTACCTCTAAGAAG-1,-12.875202895052624,17.812489714175424
AAGTGAAAGGAACTCG-1,4.215244941210901,14.058032439630678
AAGTGAATCCTCAGAA-1,-11.018395022641378,4.509800110081326
AAGTTCGTCACTTCTA-1,19.233320874718874,9.255507340016122
AATCACGAGGAGATAG-1,-18.117424366414834,3.736196432802518
AATCGACCACCGGAAA-1,11.741884900809447,10.763368657778239
AATCGTGCAGTCAGAG-1,28.982182776964315,0.8797594750936635
AATCGTGGTGAGCCAA-1,-31.86129447220019,0.46240819794688587
AATCGTGGTGGTACAG-1,8.008127580310076,-5.898900109821719
AATGAAGCAATACAGA-1,22.672547169345105,-30.19143141242854
AATGACCAGACGCCCT-1,34.84185560431053,13.096729916046423
AATGACCAGGTAAACT-1,21.5850770825262,6.9051966672442475
AATGACCCAGACAAGC-1,18.832088311961602,3.5033264615349626
AATGACCTCAGCTGAT-1,-13.873988486586864,17.153309562332492
AATGCCAAGAGCCCAA-1,-38.78589826147109,2.709567802582109
AATGGCTCAACCGTGC-1,22.751333699962128,-27.5291908978175
AATGGCTGTCAGGAGT-1,-1.4639713521151705,-18.518136947579762
AATTCCTGTACGGCAA-1,-17.097052039455527,11.352848349669816
AATTTCCGTTCGAAGG-1,16.721279557978484,8.26699899634193
ACAAAGACATGGGTTT-1,12.20814855373817,4.757978617259068
ACAACCAGTCCTCAGG-1,5.240161909920208,-0.8709438107500946
ACAACCAGTGGCGTAA-1,4.443482812879089,5.516844249268549
ACAACCATCATCGCTC-1,1.1869002779308728,18.960795305669286
ACAAGCTAGTAAGCAT-1,-9.973607983989053,17.609444516881624
ACAAGCTCAGGCCTGT-1,-10.43026535400599,-11.715850932875309
ACAAGCTTCATTGAGC-1,-11.195235588130688,4.89652786002657
ACAAGCTTCTACCACC-1,-16.742608768464397,13.729142716834467
ACACAGTAGGCCACCT-1,-6.476249449625387,-17.919673136150394
ACACAGTCACACACGC-1,2.2841213233140683,1.1166065675822603
ACACAGTCACGGCGTT-1,0.809653655917406,4.507462370244512
ACACCAATCGAGCACC-1,-5.966928925821009,20.309606847263492
ACACGCGAGGGAGGAC-1,34.815479203095514,7.39963515620549
ACACGCGCAGCAGATG-1,-35.89281005731021,0.7707235222047497
ACACGCGGTCAACCAT-1,10.726193350544285,11.322858789584716
ACAGAAAAGCTAGAGC-1,-8.895796708183086,21.921654525410933
ACAGCCGCAGAGACTG-1,6.0588766789549515,-3.58307101327143
ACAGCCGCATCCAACA-1,-2.283922692224126,-5.835400335871784
ACAGGGAGTGATACAA-1,-6.7782263621788035,18.162954225513058
ACATCGAAGACGACGT-1,10.526808765945027,-17.549153193135883
ACATCGAGTCACCTTC-1,5.293981396907637,2.7816854091824883
ACATGCAGTCAAGCCC-1,-6.031258953430773,-12.342362842227011
ACATGCATCGTAACTG-1,11.515552894206941,13.261970921271589
ACCAAACCATTGGGAG-1,-21.605277677239428,14.33477555737229
ACCAAACTCAGAGCGA-1,-36.2231849280183,-3.6815745573047476
ACCAACAAGAGCCTGA-1,-38.64321068343493,0.06376674803276144
ACCAACACATCTAGAC-1,-19.38563170592404,2.606973081511363
ACCACAACACAGCTTA-1,33.28095922348205,-2.154134954098964
ACCATTTAGACGCATG-1,-6.819764652573286,14.146388086873685
ACCATTTGTAATCAAG-1,15.061189196942609,-22.74462873858139
ACCCAAACACTTGACA-1,-4.991815049498273,-18.03258826997988
ACCCAAATCGCTGACG-1,3.1494554113212874,-6.781060851847479
ACCCTTGAGTACTCGT-1,14.155605700158734,14.868129773171924
ACCCTTGCACCGGTCA-1,22.456851281692504,6.634100029288752
ACCGTTCCAAGCGATG-1,-14.355377552445232,15.834895553176349
ACCTACCAGAAACTGT-1,-0.5990701803364465,4.521140839608357
ACCTACCCAGATCCAT-1,27.815721589619375,9.940393539947635
ACCTACCCAGTCGTTA-1,-12.386785213282113,18.24535821575993
ACCTGAAGTAGGCAAC-1,-39.880692833931676,1.9158239857065156
ACGATCACACCAACAT-1,-6.321550555977081,1.5643632372723644
ACGCACGCAAGAGATT-1,-37.836518486634866,1.9976814396249705
ACGCACGGTCAATGGG-1,-37.640885165734296,-10.860730204860413
ACGGAAGTCAAGAATG-1,-38.06347384784122,-7.300885522782592
ACGGGTCTCGCTCTAC-1,7.1275306249472745,-5.947078332372945
ACGGTCGAGTGTAGAT-1,19.858740473380966,8.506725799978389
ACGGTCGAGTTGCGCC-1,-7.156398879008368,18.584469703083887
ACGGTTACAGCGGTTC-1,-31.95635281680184,1.5835129852961682
ACGGTTATCTACACTT-1,0.5480224674376717,3.38886711776158
ACGTAACAGCGTCAAG-1,-12.580331712874447,9.551719533591182
ACGTACAGTATAATGG-1,-4.7632353125187,15.700792555060314
ACGTAGTAGGCGTTGA-1,-11.436575226442423,5.204121451530923
ACGTAGTCATCATGAC-1,-13.550675498469587,-3.1255845258498454
ACGTTCCTCCAACTGA-1,-19.462095205336553,4.387111924364336
ACTACGAAGGTTGGTG-1,23.26877960146133,6.097756632675228
ACTATCTCAGGTACGA-1,5.846857273503043,-3.692336374121042
ACTATCTTCAACTACG-1,2.003249276547874,2.233748342623232
ACTATGGAGGCACAAC-1,-5.401773800912225,-18.34666883479612
ACTCCCAAGGGCGAAG-1,-22.53451500540084,11.871670365577625
ACTCCCAGTAGATCGG-1,-8.24103779473443,18.835184359195743
ACTCCCATCGTGTTCC-1,20.144922380903893,-28.778469565867727
ACTCTCGCACAATGTC-1,-7.264227610860202,-16.746271320895815
ACTGCAAAGGCTAACG-1,20.938261448471973,-29.419087498490313
ACTGCAACAGTCCCGA-1,-10.846902527897065,-11.40143042550408
ACTGCAAGTCGTGTTA-1,-11.977575340301994,10.927226685668952
ACTGTCCCAGTTGCGC-1,9.792156255106045,8.897355318039677
ACTGTCCGTCACCCTT-1,18.611838734027476,6.361338642667515
ACTGTGAAGAAGTCAT-1,23.37122007840178,-28.44943647382993
ACTTAGGAGCGCCTTG-1,21.98749928810598,8.112845400343069
ACTTAGGGTATCGTAC-1,-20.774739219851025,3.502570329836464
ACTTAGGGTTGTGCCG-1,13.443576491893714,-26.320602038753638
ACTTAGGTCTGAGAAA-1,1.0408153780871692,14.954785202346317
ACTTATCCACAAGTTC-1,-3.9515117381264626,-19.176260495861847
ACTTCCGAGGGTGGGA-1,-2.6087208282883765,-10.001912463438046
ACTTCGCAGGGCTTCC-1,-5.905507391880997,12.46866512879848
ACTTCGCCAAGACCGA-1,22.706273895122745,-30.198155446808794
ACTTCGCCACGTAACT-1,-18.98609126354625,-9.836268424928136
ACTTTCATCTCCGCAT-1,21.466583395127934,-28.716772332505524
ACTTTGTCAAGCAGGT-1,30.82892317363803,-0.8208808155837364
ACTTTGTGTAGTCACT-1,23.16654353660363,6.60906410379777
ACTTTGTGTCTGTGCG-1,15.58267611313907,-26.7695236539378
AGAACAAGTCCGAAGA-1,-10.832337442076387,4.902367270237798
AGAAGTACAAGTACCT-1,-5.004425923143667,5.239566493253025
AGAAGTACACACCTGG-1,35.19415380917872,2.9510747149415093
AGACAAACAAAGAACT-1,30.353300846064762,3.4177951061643217
AGACAAATCCGGCAGT-1,22.57591908742853,-26.526630080205717
AGACACTCATGAGATA-1,12.404260730200377,9.803956112534758
AGACACTGTACAGAGC-1,34.03508214391336,12.355612656496794
AGACCATCACCTGCGA-1,-5.917479402498518,-10.241729975000863
AGACCCGAGCAACCAG-1,1.9794750212604288,8.026260280678333
AGACCCGCACGTCATA-1,24.031360915233567,-28.974293367074193
AGACCCGTCGCCTTTG-1,33.37989524537543,9.045474997541998
AGACTCATCATTACTC-1,-40.585922585390236,-7.848403261170995
AGAGAATAGAGGTGCT-1,30.28399311893174,-0.5086831287875082
AGAGAATAGCAACCAG-1,-6.217360694907995,20.433267665741482
AGAGAGCAGGTCATAA-1,-17.191158080812624,5.814017504183894
AGAGAGCCACGACAGA-1,-5.424749376930457,-9.29054378967369
AGAGAGCGTTACCCAA-1,14.974513441621127,-19.487471778168736
AGAGCAGTCTCACTCG-1,-6.266309960840168,-18.572150900415625
AGAGCCCAGGTCGAGT-1,31.84659745463397,-0.7975925721335895
AGAGCCCTCCTACCGT-1,0.7793860811296935,16.630718390581613
AGATCCAGTCGTGTTA-1,-11.0073856780312,20.430385014855208
AGATGAATCTCCGTGT-1,-18.98831724056799,-8.831356928967416
AGATGCTAGGTTGAGC-1,2.3171321285134683,17.04626399798138
AGATGCTAGTTAACGA-1,-38.109428004135715,2.262451039670384
AGATGCTTCAGCGCAC-1,-14.010649800708919,-2.4904590124721815
AGCATCAAGTTAACGA-1,34.67424392089498,11.096737467628484
AGCCAATCAAATCAAG-1,12.87660781623271,12.844594214298956
AGCCAATCACTTCATT-1,23.500030563450185,-29.311073012279476
AGCCACGAGGTACCTT-1,-19.396475628888716,-8.27189207007194
AGCCACGGTATTAAGG-1,3.3424499829109395,14.304374394916778
AGCCAGCTCCACAAGT-1,10.430959639207662,-24.325697355710233
AGCGCTGGTGTAAACA-1,10.482213504050494,14.758644080586802
AGCGTATGTCTGGTTA-1,-4.692694536184514,17.602098620660975
AGCGTCGCACCTCTGT-1,-12.262643749057743,18.94997869227439
AGCTACAAGCATAGGC-1,13.448551084719433,11.196191919022228
AGCTACAGTAACTTCG-1,16.607120099486227,7.366917079490366
AGCTTCCTCTCCCATG-1,-4.349190627851192,5.195003359745498
AGGAAATAGTCTAGCT-1,5.248073992124319,9.416945790374074
AGGAAATTCGTCTAAG-1,35.376669765111274,11.665441725508515
AGGAATATCTTGCAGA-1,-16.912553658615014,4.982308457259265
AGGACTTCATTGACAC-1,-6.790611656288181,-16.21950096399165
AGGACTTGTAGTCTTG-1,-17.26917762068306,18.64336185421082
AGGAGGTCAAATGAGT-1,-39.891999084194474,1.9531936000811145
AGGATAAAGCTAGTTC-1,-37.480322699230435,2.113052849411921
AGGCATTCAGCCCACA-1,28.510214570717224,-18.482040006036442
AGGGAGTTCGCCACTT-1,8.418138878678976,-24.63677884404025
AGGGCCTGTAACGATA-1,30.304053805235192,-2.6990742475739045
AGGGCTCCAGTTGAAA-1,16.116223893853313,-13.174846368000587
AGGGCTCGTATCACCA-1,6.63478502780745,12.023425073841345
AGGGCTCGTGAAAGTT-1,10.90651684239287,-17.779267818462102
AGGGCTCTCGGTCGGT-1,-2.263988157347445,0.6599227581957411
AGGGTCCTCGGTGTAT-1,9.03829177707314,0.12457386947010474
AGGGTCCTCTGACCCT-1,32.59136077258191,4.159063387132586
AGGGTTTGTCATCGGC-1,-9.134822206736562,10.73444164349135
AGGGTTTTCCTACGGG-1,11.525187624123097,-23.41934534113199
AGGTAGGAGGCAGTCA-1,-10.8410208981699,20.0229185329093
AGGTAGGCATGTGGCC-1,-23.02499079733359,9.338162888311569
AGGTCATTCCGTGTGG-1,-5.650085172287416,-9.901820781288633
AGGTCATTCTTAGCAG-1,-6.3916627296912925,17.44112095873752
AGGTCTAAGGCAATGC-1,-0.7761190580574004,-9.98075101121992
AGGTGTTCAACCCTCT-1,-11.993932386912457,3.9974927248160594
AGGTGTTTCATGAGGG-1,14.707937056157611,4.581135922457121
AGGTTACCAATGCAAA-1,29.80774257067718,2.8713139460349804
AGGTTGTCAGCGTACC-1,-39.6843710134831,2.041865074365631
AGGTTGTGTCCCTCAT-1,34.420073314005165,6.556460869269436
AGTAACCAGTTATGGA-1,24.565083123495008,7.206945362608788
AGTAACCGTCACTTAG-1,15.555846018902104,-11.213480901922773
AGTACCATCGGACTTA-1,-37.97491300892385,-8.489338176925067
AGTACTGGTGGAAGTC-1,1.2450939146873343,19.61861041909831
AGTAGTCTCAGCTAGT-1,-42.486384088216205,-4.527728254868593
AGTCAACCACGCTGCA-1,31.692437774363192,3.452990132300927
AGTCAACGTACCTGTA-1,16.62560363906619,-25.929770172799113
AGTCAACTCAAAGGTA-1,-35.834507024478576,-8.660131799193628
AGTCAACTCTGGTCAA-1,-12.482269662992552,12.015274614156004
AGTCACAAGTGGTTCT-1,7.917604290798523,-7.304798887354491
AGTCTCCGTCATAACC-1,-17.18830937330605,14.251386445524712
AGTCTCCTCAGCTTCC-1,12.756169016724261,7.212386470047558
AGTGTTGAGAGCCATG-1,-22.156475385775575,4.467526284865482
AGTGTTGAGTACTGTC-1,34.121611032914,8.624641457650055
AGTGTTGGTATTCCTT-1,3.450896265415244,16.091149133703237
AGTTCCCAGATCCGAG-1,19.64107313711769,-26.74822985351611
AGTTCCCCAATGGCCC-1,33.209389920069086,11.7343050277047
ATACCGAGTTCTCACC-1,17.770855179929796,-25.50879049385307
ATACCGATCCTGGCTT-1,12.538405168925754,2.9125281252332837
ATACCTTTCGTAGTGT-1,0.2482228236401259,-2.2745186053580917
ATACTTCCAAGCCATT-1,4.6636683543695305,-4.3196914331853735
ATACTTCGTCTAGGTT-1,30.478406536169313,-0.3736219395739195
ATACTTCGTGTTACTG-1,9.482529962516276,11.922831064068447
ATACTTCTCACTTGTT-1,-38.773617643629706,-6.491769740650426
ATACTTCTCGTCTACC-1,-34.899854380921326,-7.047540035930596
ATAGACCGTAGCGTTT-1,-12.117756798223253,5.697567647451599
ATAGACCGTGACAACG-1,28.496367770835363,-18.50611684792091
ATAGAGATCTCATTTG-1,-18.869769073355123,2.146857269940913
ATATCCTAGCAGCCCT-1,5.466577817845583,-4.990088234583235
ATATCCTCACGACGAA-1,14.363694445577808,-26.271355678173915
ATATCCTTCGTTGCCT-1,-3.209520257030972,-9.623241423992416
ATCACAGCAATGAACA-1,-22.474014220850236,5.7885570549839755
ATCACGAAGTCATCGT-1,34.308289185415404,9.6916651795957
ATCACGAGTGTGTGTT-1,-40.29753141609309,-9.004198537682912
ATCACGATCATTCTTG-1,-12.170575191374217,16.063654709006386
ATCATTCAGCAGCCTC-1,14.520546993976174,6.788349376341835
ATCATTCTCTCGCTTG-1,36.17283191335338,8.553043067125975
ATCATTCTCTGTTCAT-1,-18.77932243896477,3.7946232248107554
ATCCACCGTGACAGCA-1,14.868306051253183,4.25343090204991
ATCCATTAGCGGTAGT-1,29.645112921238315,-0.3566843999833409
ATCCCTGAGGGACCAT-1,13.783841073730493,-21.486651839473257
ATCCCTGCACAAGCCC-1,36.39827083154721,4.17049465110308
ATCCCTGGTACAGTAA-1,-21.631090262126413,8.224789202691404
ATCCTATAGGTGCCTC-1,25.16758049979607,-3.7040713949984996
ATCGATGAGCGATGAC-1,-37.27656107734886,-9.145621543907511
ATCGATGTCGCTCTCA-1,-33.000855835135795,1.0517824870066788
ATCGCCTTCTTAGCAG-1,-2.119948799589261,-14.824605974638361
ATCGGATAGTAGCAAT-1,9.02272770713449,0.734852434519636
ATCGGATGTCTCGCGA-1,-12.029569780691286,7.300431949545031
ATCGGATGTGAAAGTT-1,23.455688200048364,5.666680839302722
ATCGGCGGTTCAGGTT-1,-0.16580614333165927,15.034285211971518
ATCGTCCCAGTGCGCT-1,-3.3348902503903965,-16.431513702464066
ATCGTCCGTGAGACCA-1,7.492431021005682,-5.0215934165556355
ATCGTGAAGAGGGTGG-1,27.057914786591088,-19.760965707657945
ATCGTGACAGCACACC-1,-12.948219648631671,-3.6251834483599197
ATCGTGATCGAATGCT-1,-34.233020620081824,-4.8863822610160215
ATCTTCATCCTGTAGA-1,-19.411159952305773,8.650811753577623
ATCTTCATCCTTGACC-1,-39.90013382520168,-4.852778221385581
ATGAAAGCATCGCTAA-1,-9.078094334583817,21.950665903776077
ATGAAAGGTATGACAA-1,-40.33562625303932,0.9506852361126765
ATGAGTCGTTTACTTC-1,-2.286307976567947,-19.956383258084873
ATGAGTCTCACTGAAC-1,-11.516864173578048,-11.17497551310947
ATGATCGTCTCACGAA-1,-21.27226521159056,8.163903956551225
ATGCATGAGCCTCCAG-1,-39.42713535034844,0.8864575423739317
ATGCATGTCAACTCTT-1,6.972846938191119,7.922398254003657
ATGGGAGCAAATTGCC-1,4.889431363479772,9.428574820339431
ATGGGTTCATATGCGT-1,33.74531892783804,13.02406622712033
ATGGGTTGTAGGTTTC-1,14.022351926095693,10.388647456483888
ATGGGTTGTATTCCGA-1,-17.253601820843976,18.33093229345098
ATGTCCCCACGATAGG-1,-1.861848589290948,-10.588085352893607
ATGTCCCGTGGCTACC-1,-12.602117730403519,15.937612358555658
ATGTCCCGTTCACGAT-1,7.404238990944943,13.81933408894929
ATGTCCCTCATAGCAC-1,-13.618748845505493,10.607829097569173
ATGTCTTAGGAAGTGA-1,31.134412132273837,1.8863234333036119
ATGTCTTTCTCACTCG-1,-19.606667301089683,3.5203763093211866
ATTACCTCAAGTGGAC-1,20.863105618870115,6.307763816609206
ATTACCTCAGATGCGA-1,15.204229464281553,-23.554948492201422
ATTACTCGTGATGTAA-1,-7.245475886630042,19.42778915298871
ATTATCCTCCGGCAGT-1,-35.64467274692854,-10.608093657070073
ATTCAGGAGTTCATGC-1,-18.655790339494413,16.191313848221156
ATTCAGGGTCTTTATC-1,-21.551973626279015,4.368757126410847
ATTCAGGTCATTTGTC-1,-37.17077569035069,-8.102505298784699
ATTCATCTCCTAGCCT-1,-18.86992794066915,-10.153976855485924
ATTCATCTCGGCTTGG-1,-6.256160773001277,-17.97160759784284
ATTCCATAGACATAAC-1,-12.341721487868075,6.389706514930477
ATTCCTAAGAAATGGG-1,35.42704962017031,12.114899186783394
ATTCCTAAGATGGCGT-1,-16.62094829736072,5.8086765860883265
ATTCCTAAGTCTCTGA-1,12.049248284494926,9.76249375908272
ATTCGTTTCCAGTTCC-1,0.41763851717374084,12.156419610089529
ATTCTTGAGGGAGGTG-1,-8.612189738214848,-9.839208463438533
ATTCTTGCATTGCAAC-1,25.63711578415668,-27.431683534833578
ATTCTTGGTGCTTCAA-1,-41.440595059833264,-1.5184518693625046
ATTCTTGTCGTTGTAG-1,-8.245392394302055,19.03341449651421
ATTGTTCCAGTAACCT-1,-5.531465975757618,14.229349299002932
ATTTCTGGTTTGGGAG-1,6.314630708264804,0.029717655784955197
CAAAGAAAGACGATAT-1,6.231608677614934,3.9902229531776983
CAAAGAACACACACGC-1,-38.28210163036914,-9.687844039572918
CAAAGAAGTGTCCGGT-1,10.62231449086111,13.334779316268422
CAACCAAGTAGACGTG-1,-43.40912147573322,-1.5350280216298247
CAAGACTGTAGTCGGA-1,-23.522389760055066,12.74364328805085
CAAGAGGCACGCAGTC-1,18.544251201067087,-26.843081307504278
CAAGAGGGTTGTTGCA-1,-26.46404406100235,11.721611292051628
CAAGGGACAGTAGATA-1,-44.57870847633796,0.026272914451576812
CAATACGTCTTTACAC-1,-4.304994247443637,11.24424517666545
CAATCGATCCGATGCG-1,9.270617921082527,12.335913301787114
CAATGACAGTGGCAGT-1,-33.319912902320624,1.5011885138805494
CAATGACGTGGATCGA-1,-15.684522519784016,3.50881513900583
CAATGACTCAACGCTA-1,-9.93519514934133,19.385863937259728
CAATTTCAGTCACAGG-1,-19.973659485748094,4.756582428072163
CAATTTCAGTGGACTG-1,-1.9846418870345777,-9.164251428520078
CAATTTCTCCTAAACG-1,15.199331269880865,-10.944960587842354
CAATTTCTCGACATTG-1,-37.1688255264859,-8.257385870620523
CACAACAAGCGCACAA-1,-5.284390057465008,-14.906760053588263
CACAACAGTCCGATCG-1,-7.03705386249759,18.42993069379553
CACACAACAGAGGCTA-1,33.4422982027075,1.2511348512697622
CACACAAGTTGAGGAC-1,-43.47687786299297,-2.193899358671281
CACAGATCAGGAAGTC-1,-21.261506897889088,13.513078486695118
CACAGATGTGAGAACC-1,-15.735547228472402,15.089030434821986
CACATGAAGAGCCGTA-1,28.852439895000845,0.13184094059972196
CACCAAAGTACGGCAA-1,27.59039048964539,10.0877349404387
CACCGTTCAGGACATG-1,-11.31329778656825,14.43960121430464
CACGAATGTCTTTCAT-1,-40.720265110600785,-2.853279226869414
CACGGGTAGAATGTTG-1,-39.117669319310345,1.170244405918481
CACGTGGTCCCGAGGT-1,36.78365523915995,5.547595220006205
CACTAAGCAGGTCTCG-1,-5.996489933752573,17.04590949518274
CACTAAGTCCCTCATG-1,-14.60549067495635,16.679472766129457
CACTGAAAGCAGTACG-1,34.67907936573058,9.894813638276853
CACTGAATCAATCCAG-1,-21.610399621529293,3.244012224685991
CACTGGGTCCTTCACG-1,-19.265194085020923,-8.872790801712332
CACTGTCAGCCGTCGT-1,-23.513834823006995,10.356916851087174
CACTGTCAGTCACGCC-1,9.492578453161636,5.162637522500965
CACTTCGAGCGAACTG-1,33.922136576347484,1.994292917824849
CACTTCGGTAATCAAG-1,5.117788645780352,-3.45875857644604
CACTTCGTCGGTCTGG-1,4.658158216930441,5.990908141389058
CAGAGCCGTAGCTTAC-1,31.262093877476566,10.670817130858795
CAGAGCCGTCCGTACG-1,4.417232507480867,13.303711061595502
CAGAGCCGTCTCGCGA-1,20.40718300689615,7.889269754051723
CAGAGCCGTCTTTCAT-1,26.074334275507766,10.815436064051758
CAGATACCATCGGCCA-1,10.560121350290315,-22.582153521196233
CAGATACGTATGTCAC-1,25.78275473765234,-27.412358051812934
CAGATCAAGGCCTAAG-1,-37.73676978258483,-7.492692958082943
CAGATCAGTTTACTTC-1,14.456884399081074,-22.330289341446154
CAGATTGAGCATGAAT-1,-3.0008576572645733,10.082510534174567
CAGATTGTCCAACCAA-1,-6.336950032058694,-10.165619023113841
CAGCAATTCCATGATG-1,-3.9916754921666984,17.723273517828336
CAGCACGAGACATATG-1,-43.34077077475317,-2.473897467809306
CAGCACGAGTGATAGT-1,18.552060806484757,9.786183750242431
CAGCACGGTAGTGATA-1,26.202033850150215,10.733965017702566
CAGCACGGTCAGGAGT-1,16.524465245031404,-11.574065390164895
CAGCCAGAGTGGATTA-1,-9.698895659675559,21.028859668493652
CAGCCAGCATGTGCTA-1,13.840249761274723,7.879026514135954
CAGCGTGAGAGCCTGA-1,31.96478826683674,-3.259399603891561
CAGCGTGGTGGGCTTC-1,16.381666969733146,-26.347652030914517
CAGGGCTAGTCGGCAA-1,-2.541733333796916,19.01339681300643
CAGGGCTGTAACAGTA-1,33.56893694855981,11.894530872982195
CAGGGCTGTCGTCAGC-1,24.491077632483417,-26.31461542232994
CAGGGCTTCTGTCTCG-1,-17.464082334938837,14.695887677533971
CAGGTATCAACACGTT-1,-17.596852449112525,15.75221603782203
CAGGTATCAGCTGTAT-1,15.015649637711432,-19.50280544356585
CAGTTAGTCACCATCC-1,17.381712399313056,8.790602771705391
CAGTTCCAGACCCTTA-1,-43.759102343001146,-3.416385133052791
CAGTTCCGTTATGGTC-1,31.384251012519258,-1.342059334139265
CAGTTCCTCATGAGTC-1,-41.933885631591416,-1.8054060016867617
CATAAGCGTCCCGGTA-1,-44.605996210344856,0.6434947686612246
CATAAGCTCTATCGTT-1,-0.4427107884075201,13.341375449389727
CATACCCTCCCTCTCC-1,-1.6062912954444981,-15.194103436284832
CATACTTAGACATCAA-1,11.969453934216919,7.063169600881585
CATACTTAGGTTACAA-1,-32.80106396228069,-7.755562644729006
CATAGACCACTCTAGA-1,30.11899722622981,-2.646487572011721
CATCAAGCACCTGCTT-1,-37.71418371378625,-7.1269842536865875
CATCAAGCAGAGAGGG-1,-6.80454853636488,22.08078896264762
CATCCACCACCGCTGA-1,-11.41764470707151,-11.288399744993134
CATCCACGTCATAGTC-1,-22.67164028335737,9.397949824249485
CATCCCACAGTTGAAA-1,-5.628060483920724,-18.8994078079987
CATCCGTTCCTACTGC-1,29.689223419184376,-1.3928086239220616
CATCGCTCACGACTAT-1,37.03620230772412,5.01376175543398
CATCGCTCATCGTGGC-1,6.244982185320716,-21.7391376417574
CATGAGTGTCGAAGCA-1,4.326528482784981,5.444423835077928
CATGAGTTCCAACTAG-1,8.886886331181667,5.5316253130624435
CATGCAACAGAGATGC-1,30.21999008999631,-1.0434774461621419
CATGCAAGTGCATCTA-1,16.115776042790184,-20.97555879390998
CATGCCTCAACTCCCT-1,-5.3746301489147426,-12.57894786593945
CATGCCTCACTGGATT-1,3.0761610562755646,18.523988596282376
CATGCTCGTGTGTGTT-1,30.003376217776818,11.083008142134604
CATGGATTCCGAGTGC-1,-20.361155374057258,6.240352204751082
CATTCATAGTCAGCGA-1,-5.0262584257051754,-18.727061261735972
CATTCCGCAGTGGTGA-1,1.442965145030776,9.095540878659762
CATTCCGCAGTTACCA-1,-3.6748099211790946,-19.2566430691384
CATTCCGGTTCCGCGA-1,-21.57676843756415,7.733570789479463
CATTCTACAAGCGAGT-1,35.92817567278813,2.7513448480568448
CATTGAGAGGGAGAAT-1,1.4662826037356023,5.7931097647164895
CATTGCCCATTAAAGG-1,20.570168694745945,-26.57616752996192
CATTGTTAGAAATTCG-1,-23.12245697739915,10.254115354525464
CATTGTTCAGCCCAGT-1,28.995778353029227,10.672719037513547
CATTTCACAACACGTT-1,-2.328389297574121,-14.086075273517016
CATTTCATCCATGAGT-1,-2.914096910974179,12.723348912735073
CCAATGAGTAAGGTCG-1,27.161407659423826,0.6458849492409744
CCACAAAGTACACGTT-1,-32.84090139477137,-8.300220924838708
CCACAAATCCGGCTTT-1,-2.4212247685113337,-13.926094967316706
CCACACTCAATTGGTC-1,-2.708968800492696,-5.447804492250429
CCACGAGAGACCATAA-1,-12.50812731354433,-3.9069788392356726
CCACGTTAGGTAGATT-1,-4.693075494574763,-7.665807496993311
CCATAAGCAACAAGTA-1,-37.303732999072906,-5.066221341562252
CCATCACTCAGGAAGC-1,9.204734623997961,-20.601878129248522
CCCAACTAGCCTATCA-1,16.599792798560756,-11.293263212306972
CCCGAAGGTCATAGTC-1,9.360512756254035,8.628200418732954
CCCGGAAAGTTGAAGT-1,2.126061617717904,4.075656205082107
CCCGGAACATAAGCGG-1,18.345570251878666,-27.54897439224338
CCCGGAATCGGCTGTG-1,32.65907515614851,0.921043725818418
CCCTCAATCCCATAAG-1,11.764986975696385,8.102306101380007
CCCTCTCGTGAGATAT-1,23.52270441133273,-13.203897329179153
CCCTCTCTCCGAGGCT-1,24.99555848615672,-27.6361137472265
CCCTCTCTCTTGTGCC-1,-35.446084449998246,-10.398737831497295
CCCTGATAGAGGGTCT-1,22.98696883971201,-14.305810976462327
CCCTGATGTGGTATGG-1,13.072616729387807,9.760777169067511
CCCTGATGTTAGTTCG-1,24.831528538673275,10.088548001692658
CCGAACGTCTGTTCAT-1,34.56980000996881,3.1991255491181523
CCGATCTTCGCGTGCA-1,-15.87584170813897,-4.671565007986034
CCGATCTTCGTGCGAC-1,3.2508662493858123,12.563165950187523
CCGATGGTCCGCGATG-1,6.821079049431192,20.013027771583005
CCGATGGTCCTTACCG-1,2.4142589189054036,-4.290128513639305
CCGCAAGGTGTTGATC-1,25.820905798370053,10.15595086582851
CCGGACAGTCCAAATC-1,-20.173936882651724,1.9524508290404057
CCGGGTAAGAGAGGGC-1,-40.610325302478714,2.3939002557643962
CCGGGTAAGTCATCGT-1,-22.10888367674977,4.3240305922807
CCGGTAGAGCTTTCTT-1,9.922937979013245,-17.38015589661488
CCGGTAGAGGTAGACC-1,25.870026261812708,-21.781844995757137
CCGGTAGCAGTTGAAA-1,-6.6096343545729095,-15.839554433392104
CCGGTGACACGAGGTA-1,-7.604871585018183,12.483683003633192
CCGGTGATCAGGTGTT-1,-1.3669218018736766,-15.512491900762027
CCGTAGGCACACGGTC-1,-19.103388039842915,-9.0080514529778
CCGTTCACATTGCTGA-1,17.843261020758842,-16.307415480290533
CCTAACCGTCGTTTCC-1,-33.941666197506734,-5.733722646338382
CCTAAGAAGAGTGAAG-1,-37.62601286544654,2.657882360111229
CCTCACAGTACGGCAA-1,-41.89348922075968,-6.527076014143147
CCTCACATCGTGTGGC-1,-7.645360448956006,12.051449061104005
CCTCAGTGTCTCCCTA-1,-7.198200933156566,6.360693703938122
CCTCAGTTCCACGGAC-1,2.036241816260353,10.678298102265025
CCTCATGAGGTGGTTG-1,-6.45171789853466,13.841699492705851
CCTCCAAGTCAAATCC-1,0.16435436340576368,15.919887646308636
CCTCCAATCGGCTGGT-1,-36.714120534057614,-5.840151171251817
CCTCTAGAGGGTTTCT-1,22.107170830333768,-30.051325244705904
CCTCTCCGTCGTACTA-1,2.7773994742709696,-21.663300742951694
CCTCTCCGTGGCTCTG-1,12.33996275153129,13.7672242092708
CCTGCATGTAGTTACC-1,-16.208330098743676,2.504655960365341
CCTTCAGTCCGCGATG-1,-39.42972605961957,-2.9128402354852327
CCTTGTGAGCTACTAC-1,-7.505387224889251,-14.879830951729202
CCTTGTGGTTCAACGT-1,-39.19092669947853,-8.019526590565244
CCTTTGGGTTCCGCAG-1,5.037145933084707,-5.989858688885537
CGACAGCAGCCAAGGT-1,22.322478474761407,6.562126479844524
CGACAGCCAGCTTTGA-1,-2.496875605838255,-4.891026021611068
CGACAGCGTACATTGC-1,-40.600347585449015,-2.379541378886366
CGAGGAAAGAATCCCT-1,16.68449342555423,5.035873125970633
CGAGGCTTCCAAATGC-1,1.6454941208919,18.661634736050193
CGAGGCTTCCCATACC-1,-15.054809688715615,-3.991158565663572
CGAGTGCAGTCTTGGT-1,16.655646501213585,-11.527373209473202
CGAGTTATCAGCTTGA-1,8.291678814171318,8.11057581217842
CGAGTTATCCGGTTCT-1,-37.51947392805747,-3.0193189685047757
CGATCGGAGACTTCAC-1,8.543788625135303,-22.864387952435724
CGATGGCGTGGAAATT-1,-7.529246272062777,19.484471961547147
CGCAGGTCACCGGTCA-1,-5.996483464387488,5.441329994519897
CGCATGGCACCCTAGG-1,22.0284467362147,-29.590408745173267
CGCCAGATCAATCTCT-1,-19.44284763194479,-7.823728817636431
CGCCATTAGCTCGGCT-1,30.946185542993593,3.0347271163086154
CGCGTGAAGTGGATTA-1,-1.6895812306020204,-16.56492000298321
CGCGTGACACCCAAGC-1,-18.100375145953684,6.110314118207304
CGCGTGACACCGGCTA-1,35.67846715999033,3.3682444801666724
CGGACACGTCCTGTTC-1,23.11873630841587,5.534127425586575
CGGACACGTGTCATCA-1,26.102435270681884,-21.159916432808142
CGGAGAAGTCGATTTG-1,3.945808013439964,-4.419485728186121
CGGGACTAGGAAGTAG-1,6.110669381045056,14.35721598826839
CGGGCATTCCCGTGTT-1,-6.413579750637022,-11.848206581329041
CGGGCATTCTAGCCAA-1,8.27395159373687,5.762230802993071
CGGGTCATCAGCATTG-1,18.98602316130152,11.60887833402279
CGGGTCATCCGGCAAC-1,34.331015337250626,1.5407751492525077
CGGTCAGCAAACCACT-1,-0.702317952353015,12.445244274012897
CGTAAGTGTAAGACCG-1,30.835897974455836,2.160089314346598
CGTCCATCAGCATACT-1,6.054009452578417,-2.6600973211077727
CGTCCATGTAGTGCGA-1,-8.01239251214237,-9.614042744468474
CGTCCATTCCTCAGAA-1,30.034915670739263,-1.4946571266887818
CGTGAATCAAGGGTCA-1,-17.10008662934874,4.105542625748967
CGTGCTTCAGGTGAGT-1,21.62377937357674,5.543197942774856
CGTGCTTGTGGGAGAG-1,20.633979720801783,9.689939844179085
CGTTAGAGTATTTCGG-1,6.191317779478614,12.238422943723876
CGTTCTGAGCAGCCTC-1,19.350486392959596,-28.252675404232676
CGTTCTGGTGATTAGA-1,16.290183121764844,9.055022336243372
CGTTCTGTCGCTTAAG-1,-41.2111221359918,-1.7769156087858482
CGTTCTGTCTGCAGCG-1,-22.299900698495765,6.24560109122901
CGTTGGGAGCTCGTGC-1,3.4090258383512064,-21.76850217781211
CGTTGGGCACGCAAAG-1,34.04099521175871,13.073057591253678
CTAACCCCATTCAGCA-1,3.494312333838336,-2.544121129972351
CTAACCCTCCGTAGGC-1,-36.896045633643816,-4.940512323961196
CTACAGACACACGCCA-1,-23.177756168250593,10.3117287603774
CTACCCACACATGTTG-1,28.482515738297508,-18.52502683349313
CTACCCATCTCTAGGA-1,7.191186085793178,-3.372641802081565
CTACCTGAGTGGAAGA-1,-1.7022623292906922,2.6694388830255344
CTACCTGCAAAGGGCT-1,14.585718376144504,-26.500263479883934
CTACCTGTCCGTTTCG-1,-13.05182546597372,-10.661408693748387
CTACTATAGTCGTCTA-1,28.355891116137588,10.859093497585215
CTACTATTCCGCAAAT-1,-0.691363022319853,8.762924018464865
CTAGACAAGTGCGTCC-1,14.912699638193395,10.968546843374439
CTAGACAAGTGGTTAA-1,-5.678478161915373,17.52474212462973
CTAGGTACATGAAGCG-1,-1.919177511131783,12.6043877681779
CTATCCGTCCTCTCTT-1,-8.882366200284462,14.103717260703695
CTATCTATCCTGTAAG-1,-43.641982218579884,-3.751427065887111
CTCAACCCACATTCGA-1,-36.35471678938996,-4.4406404308025635
CTCAACCGTCGTGTTA-1,23.43304176134021,-29.697723774582354
CTCAACCTCCTCTAGC-1,7.730184489162928,-9.223833554307378
CTCAAGAAGTGGATTA-1,20.110688849146847,-26.394679262961095
CTCAAGACAAATCAGA-1,15.408044334062975,4.432244920642062
CTCAAGAGTCACGACC-1,-19.262686716584273,-8.181150326471318
CTCAATTTCCTATTGT-1,13.134318201752098,-20.706976032659924
CTCAGAACAACACACT-1,21.702450225980304,-30.120651684931893
CTCAGAATCGTTGTAG-1,-14.62062675023016,14.29770106569041
CTCAGGGAGGTGCCAA-1,36.23289436989508,1.7099450244323018
CTCAGGGTCACTCGAA-1,-35.26979551102779,-9.059458517344204
CTCAGTCTCTGTCGCT-1,-38.984917140061576,0.6604026733119581
CTCATCGCAGTCAGCC-1,12.800880369378124,10.685067472069525
CTCATGCAGTCTGTAC-1,-19.581038974685942,14.971041161106005
CTCATTAAGGGACTGT-1,17.710482150495977,-15.999227800285212
CTCCAACTCCGATTAG-1,18.798777399485278,3.5222293847946164
CTCCCAACAATGTCTG-1,1.2062086823990914,19.730397856339884
CTCCCAACACTTCAGA-1,-15.609055541049374,10.570164112260372
CTCCCTCCACATATGC-1,-1.9650486524321074,-13.4987613622371
CTCCCTCTCGGCAGTC-1,-11.974685800260149,15.945769324191492
CTCCGATTCTTCCACG-1,-14.785711054069848,10.115333165563948
CTCCTCCCAGAGACTG-1,-8.026770571293062,12.497147046804917
CTCCTTTGTATGACAA-1,-1.3276663973397356,9.961431400984917
CTCGAGGCAAATTGGA-1,-40.77306758396775,-7.642881553734479
CTCTCAGCAAGTCATC-1,3.3546331775347937,-21.781486938512337
CTCTCAGCAGCTTCGG-1,-22.684607817983245,9.744918184030087
CTCTCGAAGGCCACTC-1,10.575882780064058,-22.750404591047225
CTCTGGTGTGAGGAAA-1,20.367553925798536,-29.15853269821633
CTGAATGCAGGAAGTC-1,-3.975678290221499,-10.61901056778075
CTGAGGCTCGGACGTC-1,-16.045838115133474,19.87594186241671
CTGATCCAGCCGTTGC-1,-11.470170948285679,5.422291292154317
CTGCAGGAGAAGTCCG-1,-11.161737359881187,19.948933782961685
CTGCATCTCAGCTAGT-1,-18.940444989667846,-9.943058325530028
CTGCCATAGAAGCGAA-1,14.69325774835288,0.8624165211653965
CTGCCATAGAGTATAC-1,-2.2169079818902633,2.118152389581058
CTGCCATAGTGGATAT-1,3.7800437402245013,-5.938981964854505
CTGCCTAAGATGCAGC-1,35.789301534876536,6.348769095746835
CTGCCTAAGGGTCTTT-1,5.329410608882845,-5.777408707799577
CTGCGAGAGAGGGTAA-1,-41.7888152581856,1.5823926417919545
CTGCTCAGTTAATGAG-1,3.641311803997106,14.105912836143242
CTGCTCATCACACGAT-1,-5.8617306327452825,13.14212982647098
CTGGCAGAGCGGTAAC-1,9.61555277487839,15.021274645229822
CTGGTCTAGTCGGGAT-1,-22.868875334622267,8.340569844484857
CTGGTCTTCTAGAGCT-1,-13.465274414397847,10.378062954822036
CTGTACCGTGACACGA-1,19.910646046691852,10.60395043058321
CTGTAGATCACCGGTG-1,2.5004173941929526,14.198987603677752
CTGTCGTCACTCGATA-1,-6.359134137232544,20.98200401973482
CTGTCGTCAGTTCCAA-1,16.8506915102405,3.4945817791524934
CTGTCGTGTTGCCGAC-1,21.92851607603982,9.160755484968385
CTGTCGTTCGTCTAAG-1,-10.25695038375064,4.523905649642899
CTGTGAAAGCTCATAC-1,10.485019866443249,9.605855764231903
CTTACCGCACGCTGCA-1,-34.41894093440021,-4.933507813036444
CTTAGGATCACAAGGG-1,-2.2575901097108844,-17.415472280089283
CTTCAATGTCTCGACG-1,-37.8661502850875,-10.21636302793378
CTTCCGAGTCATTCCC-1,12.124713651130573,-22.821366956398307
CTTCCGATCGAAGGAC-1,32.78420949354155,2.7485911655207045
CTTCCGATCGCGGACT-1,-18.8512813262292,15.071208468234898
CTTCCGATCGCTGTTC-1,22.850906924794316,-29.9678915384099
CTTCCGATCTTCCGTG-1,6.621344341988113,-22.08803292130088
CTTCGGTTCAGTGTCA-1,-2.8962265911311094,-9.937146111146307
CTTCTAACACACCAGC-1,15.450437024494699,1.4478057653453866
CTTCTCTGTCCGATCG-1,12.769024755023297,-21.633771970770127
CTTGAGACATGACGTT-1,-23.144481225621888,9.860679453299033
CTTGAGAGTTACACTG-1,-0.49582951173947876,-8.892080589601727
CTTGATTGTTCTATCT-1,18.160890760242296,-27.29579660163208
CTTTCAAAGATGAACT-1,15.708377664409518,1.9951034463977426
CTTTCAAAGATTTGCC-1,-18.139071560448148,10.078468962191288
CTTTCAAGTGACTGTT-1,23.89919388964855,6.1709217649602515
CTTTCGGAGCTGCGAA-1,23.30140541274484,-13.643679979815888
GAAACCTAGGGAGAAT-1,-12.783103026780076,11.480779940864634
GAAATGAGTGGAAGTC-1,4.9004644233610115,18.2331123262463
GAAATGATCGATGCTA-1,-36.848928190820665,-4.975478571512613
GAACTGTGTTCTATCT-1,-41.949052478860295,-1.4177052802726466
GAACTGTGTTGGAGGT-1,-12.522141390802197,-10.62248990319791
GAACTGTTCTGGTGCG-1,-5.315207733198375,20.665987633781597
GAAGAATGTATCGCGC-1,-13.85350899515279,-2.954228219162058
GAAGCCCAGGCACTCC-1,-36.79414272360581,-2.266401035170556
GAAGCGACAGCGACAA-1,-12.380916364064369,11.645709013048194
GAAGGACCAACGACAG-1,24.23762064616688,-28.63003820147389
GAAGGGTAGCGAGGAG-1,22.409967056004938,6.176560209106533
GAAGTAAGTTCACGAT-1,20.899314202693745,-29.51662858334453
GAATCACGTCCGACGT-1,17.93897802438594,8.536062777476557
GACACGCTCACATTGG-1,34.40922999830166,8.785839152903787
GACAGCCCACCATTCC-1,-33.52354974767047,-7.84874819828973
GACAGCCTCAGAATAG-1,12.358362764274203,14.04331580573526
GACAGCCTCCTGGCTT-1,-1.3293717340652837,16.235138820341916
GACATCAAGCTACTGT-1,-0.22595076106801987,9.89391814686037
GACCAATAGTGCAAAT-1,13.492247898079398,-23.7646967158236
GACCAATTCGCGAAGA-1,9.872585575657629,12.726435390584667
GACCCTTCAATCGAAA-1,-40.01964838849,2.2560460743369237
GACCCTTCAGAGCTAG-1,25.1917283262648,-27.975921966459023
GACCCTTGTACGATCT-1,21.419543092979435,7.246021247786681
GACCCTTGTCGTCATA-1,26.41730732158855,-18.7069082407773
GACCCTTTCACTCACC-1,-8.765651907419592,14.128152302744608
GACCGTGAGTACGTCT-1,7.618804659293999,0.938993993287421
GACCGTGTCTGACGCG-1,35.96370860710196,-1.3045318636890493
GACGTTATCAAGCTTG-1,24.358844596996775,-28.147674425348907
GACTCAAGTGATACCT-1,-7.937388329263943,21.65108155193946
GACTCTCAGCAAGGAA-1,21.94705760500517,7.713444985050781
GACTCTCCATACAGCT-1,-0.2446323070236928,10.776069768104797
GACTCTCCATGGGCAA-1,-32.81359805957068,0.9767487669968445
GACTCTCGTTCTTGCC-1,25.600942379610782,-21.6806691770555
GACTGATAGGCGAACT-1,-39.73353777211167,1.2777717504057213
GACTGATAGTGGCCTC-1,35.577586389100006,3.807430996793665
GACTGATCAATGTCAC-1,-5.96830113575764,16.3270688763688
GACTGATCAATTCGTG-1,6.573880129418002,-3.678642174308577
GACTGATCAGTAGGAC-1,34.81311779599147,11.708084942718449
GACTGATTCTCCTACG-1,5.44925680569458,-21.99455085205644
GACTTCCCATAATCGC-1,28.588951050495073,-18.43561073128471
GAGACCCGTACACGCC-1,1.1760029595102062,14.557011581294896
GAGCCTGGTAACTGCT-1,3.6733056606813883,-5.53808929651408
GAGCCTGGTTCTATCT-1,17.14974348692934,-20.088285780106432
GAGCCTGTCACTAGCA-1,-18.317104919126077,9.940743022528364
GAGCTGCCACTTGGCG-1,30.923075621468037,-3.2330312394146232
GAGGCAACACTTGTGA-1,-5.84411062204403,-13.930553523201374
GAGGGTACAGTAACCT-1,8.648188303544392,13.207679806161654
GAGGGTAGTCAGTTTG-1,1.7411826470388814,-7.268179036703643
GAGTCATCAGTGACCC-1,7.618036427683332,19.720687974001223
GAGTCTAAGCCGTCGT-1,24.59078808817173,7.434582989092174
GAGTCTAAGGCGAACT-1,34.78234106700551,13.346791399441367
GAGTCTACACTGGCCA-1,-42.29810319496233,-1.3474673535897874
GAGTGAGGTAAGGCCA-1,13.3570097810089,9.838977771206324
GAGTGAGTCGGCTTCT-1,15.04488703325234,-23.15634915362627
GAGTGTTCACGCGCTA-1,29.09568520505788,0.9198637380522305
GAGTTACTCGTGCAGC-1,10.67754769638292,-1.1427151363896866
GAGTTGTAGATCCTAC-1,-19.87368224108637,16.201839005531852
GAGTTGTGTAGGTACG-1,-13.791449102943275,19.485571826034636
GAGTTTGAGGGTACAC-1,0.637508595666628,-1.5582369957538333
GAGTTTGCATCAGTGT-1,-7.025787541155525,-17.179309278404507
GATAGAAAGTAACAGT-1,33.12377429812132,10.142711360466562
GATAGAACAGATTTCG-1,8.858100026258153,-19.29075408510994
GATAGCTGTTGGCCTG-1,3.9145465711911744,-3.6737989008127516
GATAGCTTCCCGAGTG-1,15.814417795010108,-16.360126776505947
GATCACATCGAGAGCA-1,7.68270391465016,10.983982029833605
GATCAGTTCATGCCGG-1,-35.69632301610513,-7.923722974127729
GATCATGAGCTTGTGT-1,29.62350816423611,0.07437698597332273
GATCATGCACTGATTG-1,26.022803733264315,-21.14228979362118
GATCATGTCAGCATTG-1,4.171518044469505,15.939484514442924
GATCCCTCAACGGCTC-1,-5.803884936244278,14.573673213441733
GATCCCTCAATAGGAT-1,2.29781581189774,8.26413480210168
GATCCCTTCCAACTAG-1,28.593963568373105,-18.424469185064492
GATCGTAAGTACCGGA-1,-41.371316524197205,1.5396061386277298
GATCGTACACTCAAGT-1,15.330746571033075,-23.62350588290959
GATCGTACAGTTCCAA-1,-4.032840375892792,-16.51397417561605
GATGACTGTAGAATAC-1,33.2124831049924,10.411774680370591
GATGACTTCGCTTGAA-1,-43.48936714629073,-3.286167330463594
GATGAGGGTCAGTCTA-1,-39.317699955678556,2.9046811534029673
GATGATCCACCCGTAG-1,11.731189238621711,3.874082093632592
GATGATCGTGTTCGAT-1,3.8891524343325448,-21.724305061854437
GATGATCTCCCAGGAC-1,33.313811168914825,8.995719248202565
GATGCTAAGTCTGGAG-1,-37.58314867389266,-2.031053818155774
GATGCTATCCCGTAAA-1,-0.3436289729933684,6.797219204962199
GATGGAGCAGCAGGAT-1,-23.121135366839933,7.4715423906788665
GATGGAGCATCCGAGC-1,10.817745736902841,13.301953095706477
GATGGAGCATCGAAGG-1,-6.072157204523487,-11.315491805370238
GATGGAGCATCGGTTA-1,-32.90473584001253,-8.419515038269655
GATGTTGCATTACGGT-1,-36.03712118935706,-9.534483098840667
GATGTTGTCACCATGA-1,6.411432041370835,19.784160354482125
GATTCGAAGCTAAGTA-1,-13.718533580962342,4.889020181671326
GATTCGATCATCCCGT-1,4.9219753101009704,9.43361273650092
GATTCGATCTTCTAAC-1,30.35806353498791,-2.2832341408665737
GATTCTTAGTAGGGTC-1,2.8164532389717514,4.722421837881023
GATTTCTCAATAGAGT-1,21.195179265673623,-28.94517364996398
GATTTCTGTCACCGAC-1,12.108930993271246,-23.290755558419484
GATTTCTTCACCTCGT-1,-1.308104503539747,-6.975543494753377
GCACATATCACTTGGA-1,22.489418344582983,-15.305415962494035
GCACGGTTCCAACTAG-1,-15.301757185118113,16.811218026882912
GCACGTGCACCCAACG-1,-0.5902338057279278,17.07832452033163
GCACGTGCAGAGTTCT-1,8.079272819090015,3.9881775727369018
GCACGTGGTAAGATCA-1,6.38248232026515,20.260586057902746
GCACTAACACGTCATA-1,12.282172367991343,11.873188262141799
GCAGCTGTCATCGGGC-1,-5.983200246143939,1.4215031534781155
GCAGTTACAATCGTCA-1,35.51061920928183,2.19229102350304
GCAGTTACAGCGTTGC-1,15.740650350593361,-26.580678818222083
GCAGTTACATGTGGTT-1,-9.341840110959248,5.134401127237716
GCAGTTAGTAGGGAGG-1,-19.674605661844556,16.737664930953372
GCAGTTATCTCCCTAG-1,-2.169217486321953,-15.816510989146764
GCATCTCAGTGACACG-1,18.52845062528522,12.63693954898807
GCATGATAGCAAATGT-1,-18.837568048540508,13.412509117354832
GCATGATCACTGAGTT-1,-12.751243744598401,11.200435996675301
GCATGATGTTCCGCAG-1,-41.36248287936505,-7.642654651713965
GCATGATTCGCTGCGA-1,31.06662375392243,10.86233919980895
GCCAACGAGGATCATA-1,-2.2479079433706115,0.8498847622447029
GCCAACGGTCGTGATT-1,-8.922974115184303,21.619458528670155
GCCAACGGTTAAGACA-1,-5.483087514281318,16.691952784150565
GCCAACGTCACTCACC-1,15.565382173392745,6.506620598966496
GCCAACGTCCACAGCG-1,8.7748327723743,-20.45397904591169
GCCAGTGAGCTTGTTG-1,-34.85223965166461,-3.9183030284104303
GCCATTCTCACAGTGT-1,-9.066793601598421,10.951266310840236
GCCATTCTCCGAACGC-1,9.196955751744326,-23.102126318217355
GCCATTCTCGGATACT-1,-21.921363991666183,5.909669814183946
GCCCAGATCACCGACG-1,6.333563405579701,-0.7714113121826921
GCCCAGATCTACTGCC-1,15.426476105220262,2.4398866053093955
GCCCGAAAGTACCCTA-1,7.781342179366886,4.031956584995231
GCCCGAACACACGGAA-1,6.64980369029508,-4.747428337904723
GCCGTGAAGGAGAGTA-1,7.43902641391667,13.736842459945576
GCCGTGAAGTGAATAC-1,4.779564196436769,13.250328694530197
GCCGTGATCATGCGGC-1,-18.93956083970139,1.5409790999050428
GCCTGTTAGCAGTAAT-1,-16.592262193430972,16.72738686833852
GCGAGAATCCACGAAT-1,8.538003974112167,-0.9435029705124404
GCGAGAATCGTGGGAA-1,-6.586600708214571,-8.316719636008733
GCGAGAATCTTCCCGA-1,8.450583273402454,-23.941636570387782
GCGATCGCAAGCGCAA-1,22.019937332345005,5.488048582145687
GCGATCGCATGATAGA-1,-15.28041646804129,16.26287065986892
GCGGATCGTACCTAAC-1,13.40109299574716,-26.253951179522808
GCGGATCGTGTTGCCG-1,-22.449333241645405,4.228006793044139
GCGTGCAGTACGATGG-1,-1.0058951633118256,0.1991954628471419
GCGTGCATCTTGAACG-1,17.489992210594526,-27.100700636754446
GCGTTTCCACAGCTGC-1,3.2268241714439685,-0.15979132673279928
GCGTTTCTCATACGAC-1,17.969467388623897,4.587956743046183
GCTACAAGTGGATTTC-1,-23.348579504933905,12.775055319050853
GCTACAATCGTAGGAG-1,-15.23122000047723,11.106339179568161
GCTCAAAGTGGTTTGT-1,-7.795998575424396,23.76036580363256
GCTGAATAGGATACCG-1,-12.670705626045981,-10.696153936023409
GCTGAATCATTCAGCA-1,34.60650225730484,7.094020879890692
GCTGAATTCCGAAATC-1,34.559712365761726,14.116702377107645
GCTGGGTAGAAGCCAC-1,-37.10362841975156,-6.546156929137733
GCTGGGTAGGTGTGAC-1,24.89505381500231,-25.119245562461266
GCTGGGTGTACCTATG-1,-40.65106142976948,2.5028205664689893
GCTGGGTTCCATCGTC-1,15.94297903610359,-26.408880812016093
GCTGGGTTCCGGCAGT-1,0.7064595481471174,1.8277268397558484
GCTTCACGTCACTCAA-1,-1.7859133909857077,-14.642465993414667
GCTTCACGTTCTGACA-1,11.868480164697221,4.679913242015172
GCTTCACTCCGTGTAA-1,12.365776456984062,3.273337425882169
GCTTGGGGTTTGGGTT-1,15.70644216261971,3.9231891371359016
GCTTTCGAGGTTACCT-1,-6.085566395754671,7.5478214280143066
GCTTTCGCATGTCGTA-1,-1.9151820339729058,-9.752560784051367
GCTTTCGGTTAGGCCC-1,-22.95584614609277,7.2682868078926886
GCTTTCGTCACTGGTA-1,-6.711006942558263,-16.7016688823478
GGAACCCCAGAGAATT-1,15.51303811811214,-26.298513751853584
GGAACCCGTGGCGCTT-1,-3.8191411566994904,13.547987209486285
GGAACCCTCACGTAGT-1,-18.04164448165821,8.75068819807342
GGAAGTGAGCTGACCC-1,-18.087541759404168,3.3249598302923533
GGAATCTAGTAAGGGA-1,19.59019611753574,9.291205959159392
GGAATGGGTAGCTAAA-1,15.748114532856041,-23.529884156353322
GGAATGGTCAGGGATG-1,10.437789723929344,15.410367572688992
GGACGTCAGCTTCATG-1,-8.377540468197177,22.781488840698003
GGACGTCCAGATTTCG-1,35.88895218378646,-1.2737751801163641
GGAGAACCAAGCTCTA-1,27.110229715248924,-19.399822616387063
GGAGAACTCTACTTCA-1,14.381103750143817,-20.178826472251636
GGAGATGTCACGAGGA-1,-20.8345609226086,12.924430295512982
GGAGCAAAGAGCAAGA-1,-2.16156817667756,-11.207989908938934
GGAGCAATCCAGCTCT-1,22.719178032294963,-29.670506261907025
GGAGGATAGGGCAGAG-1,15.688966153113014,-16.700356595033142
GGAGGATGTGTTGCCG-1,-44.60972445198625,-0.5859197429450419
GGAGGATGTTTACCTT-1,18.63171386406806,-28.147194894620498
GGAGGTAAGAAGGATG-1,-10.222264998454996,21.739663583920862
GGAGGTAAGCCAAGTG-1,-14.357643454290075,11.621441281585742
GGAGGTAGTGAGCGAT-1,25.061915537158015,4.610348485515645
GGAGGTAGTTTCACAG-1,35.34527035777135,1.2941871244186351
GGAGGTATCAAGCCTA-1,-9.240719492819668,21.485520868035408
GGAGGTATCCGAGTGC-1,-6.192368628970747,-8.25129497649495
GGATCTAAGAAGTCAT-1,-10.177454548718506,17.823505082585516
GGATCTACAATCCTAG-1,-11.149142310055556,4.4694378632414935
GGATCTAGTACTAACC-1,-18.714408775100328,7.995452165405342
GGATCTAGTCATAAAG-1,-14.22367162286374,4.451053996450749
GGCACGTAGCCTGGAA-1,18.32771385741828,-27.172383325300462
GGCAGTCCACCAAAGG-1,-23.655103161804746,6.700725007472085
GGCAGTCCACGGGCTT-1,-34.70255080347632,-6.251454660511923
GGCAGTCCACGTTGGC-1,11.621906106758397,12.608494376053189
GGCAGTCCAGTTACCA-1,25.17711160954673,-3.7048449139362383
GGCGTCACACGTCTCT-1,3.727254970935535,13.652891449255886
GGCTGTGCACAGTCCG-1,5.652905225330803,-21.536095970631536
GGCTTGGCAAGTACCT-1,13.66000113919562,4.313239771541242
GGCTTGGTCATGCAGT-1,-22.93908811936355,8.819306823855657
GGCTTTCAGTCACGAG-1,10.046896749640952,15.453309241252885
GGCTTTCCATACTGAC-1,17.993110595931388,7.673544934788084
GGCTTTCGTGTTGCCG-1,-6.68474377007667,-9.366614988225132
GGCTTTCTCGCTACGG-1,4.284279431428493,2.5588797731357635
GGGAAGTCAGAGGTTG-1,-1.807236578821318,12.373977836480828
GGGAAGTGTCCCGCAA-1,-11.345021284381328,8.505915409396065
GGGAAGTTCGATTTCT-1,-39.37066210294126,-2.3425973364101895
GGGACCTTCGAGCCAC-1,21.035340494536843,2.188490601774569
GGGACTCCAGGTGGAT-1,-2.308681485512717,19.231088309472735
GGGACTCTCCTACGAA-1,21.432086457658407,0.9153079524813187
GGGAGATAGACGAAGA-1,34.01303268074447,9.420983380834743
GGGAGATCATCACAGT-1,19.61474190202757,-27.13237892860577
GGGATCCAGAGCACTG-1,0.36178950634315193,4.6676959011176535
GGGATCCTCGGAATGG-1,-3.610799188968552,-15.403042076510904
GGGATGATCGGCGATC-1,18.367859205629237,-16.46421479674871
GGGCGTTCAGTTCCAA-1,1.4249534313128984,-3.6146598012004976
GGGCGTTTCTCAGAAC-1,8.710423326834567,-22.891123145238133
GGGCTACAGGCCTGAA-1,16.972093107413677,-11.062755375988365
GGGCTACTCTCGACGG-1,-5.24406184002013,-8.62495549395271
GGGCTCAGTGTCATTG-1,-44.618262691896135,-0.9082781947556322
GGGCTCATCCTACAAG-1,-5.82882675686387,10.880941885340812
GGGTAGATCCTGTAGA-1,-2.007770710382745,12.793610393619433
GGGTATTAGGTGAGCT-1,-41.02772158768655,0.8965740751086912
GGGTATTTCATTGTTC-1,32.41081293634216,3.8845296849856474
GGGTCACCACTCATAG-1,1.4302274765191436,17.57004013766744
GGGTCACGTGCACGCT-1,2.397116142260354,4.794279519665732
GGGTCTGTCGCACTCT-1,2.198213007370896,1.6153102297361064
GGGTTATAGCGCGTTC-1,-7.224314671382262,5.26653906068414
GGGTTATGTCACTTAG-1,-13.613978317988552,-3.219365081614859
GGGTTTATCGTGCATA-1,-1.5743147928563577,-8.571541616266224
GGTAACTCAATGTCAC-1,32.33612063691701,-2.3433961540341146
GGTAACTGTAAGTTGA-1,28.200710815071822,10.34513248533266
GGTAACTTCAGCATTG-1,19.762131041085826,-1.1585872921623879
GGTAATCTCGAGCACC-1,-2.246484299139714,-20.679686078527467
GGTCACGGTAGCTGCC-1,-15.601185626996287,11.033734561416402
GGTCACGGTATGGTTC-1,-2.4116008429834483,1.6641804799288653
GGTCACGGTCTTCATT-1,34.409131783490466,10.740990364182212
GGTCACGGTGGCCTCA-1,-13.392141738212906,15.530314296099766
GGTCTGGCACCCTGTT-1,-21.887048478389012,5.988822441771758
GGTGAAGGTAGAAACT-1,22.604138715379744,-28.84733841786013
GGTGATTAGCACTTTG-1,-35.07599474157347,1.0182659694199054
GGTGATTTCTACGCGG-1,2.75947706837067,-21.764615843730567
GGTGGCTTCGGAGATG-1,-4.990093734177856,18.60199798309879
GGTGGCTTCGTCCTTG-1,12.086852020660606,-18.030810252852415
GGTGGCTTCTCGTGAA-1,15.663170612680684,-16.623109828189627
GGTGTCGAGAACCGCA-1,-2.2972214837704827,4.523959082968318
GGTGTCGGTGTGATGG-1,32.01730481889483,9.424657075823921
GGTGTTAGTGTGTGGA-1,-38.863062229759,-1.8113437524277425
GGTTAACCAAGATGGC-1,-18.249608119211537,16.485803926473366
GGTTAACCATTCAGCA-1,2.4852449485497163,18.96305503500127
GGTTAACGTCGAACGA-1,18.288349546152048,-27.21355631856239
GGTTCTCGTACATTGC-1,-13.04525783784548,-3.4228339567744994
GTAACACTCGCAATGT-1,2.088127518382457,9.267348574443156
GTAAGTCAGAGCAGCT-1,-5.792595446144273,18.049363726475722
GTAAGTCAGCGTCAGA-1,-21.271595618988492,13.771276078415909
GTAAGTCCACCTGAAT-1,-2.685037384191817,-16.173127264804545
GTAAGTCGTTAGGCTT-1,34.37057855070416,2.8630539147552927
GTAATCGGTAGTACGG-1,24.10210965563246,8.102775832136333
GTAATCGGTCATGGCC-1,32.76979440428467,4.344664665193222
GTAATCGTCGAATGCT-1,6.362445849923272,19.738132702802496
GTAATGCGTCACTACA-1,-6.642772405537206,11.162307976022742
GTACAACGTCACCACG-1,-18.98916663978626,10.542150233200838
GTACAGTTCCACCTGT-1,16.917218358815656,-26.497662968039418
GTAGAAATCCTACCGT-1,-6.593144628314677,5.765754140139061
GTAGAAATCGGTCTGG-1,-38.93548133143348,-8.590682751448108
GTAGAGGGTTCGGGTC-1,-39.78117331279754,3.0423517705237724
GTAGAGGTCCCTCTAG-1,30.90007156722694,-1.2400407349469151
GTAGCTACAAACTGCT-1,-2.2477932105876834,-12.002033526754705
GTAGGAGAGCATATGA-1,-3.0645175707429657,2.7877508999513445
GTAGGAGGTATTGAGA-1,12.313619675847038,15.617611412769152
GTAGGTTGTAACCCTA-1,-22.442947784373608,11.017705536487183
GTAGTACAGATGTTCC-1,28.605072527615906,8.705959516887331
GTAGTACCAGACGATG-1,19.115566094374746,9.435663601703057
GTAGTACTCGTTCATT-1,-5.523183003176702,-8.598643135671752
GTATTGGCATCCAATG-1,-0.23662429014410127,12.750506864514785
GTATTTCAGACGCATG-1,-22.440408649400492,4.637940697745021
GTATTTCAGCCTAGGA-1,-35.35131597103298,-8.736676230634396
GTCAAACAGCATAGGC-1,-3.0104763225458195,-16.63449950209338
GTCAAACGTATGCTTG-1,3.0519191230632194,11.689691856333566
GTCAAGTAGGTTGGTG-1,32.63562441634856,10.302001248774697
GTCAAGTGTTGACGGA-1,-4.475134302640239,-8.603464861673302
GTCACGGGTCTTGTCC-1,-10.182731684602702,19.046753441282902
GTCACGGGTTAGGACG-1,1.6512633335569948,16.997570105027602
GTCACGGTCATTACGG-1,11.636121532754316,12.495082948330213
GTCACGGTCCACGGGT-1,0.7856473363425683,2.3388534510279935
GTCACTCCATAATCCG-1,11.894463587330057,10.490899787010852
GTCATCCGTAAGCAAT-1,3.941148087633312,2.006678034973307
GTCATGAGTGAGCAGT-1,-32.68369982894455,1.3432206658875145
GTCATTTCATGACTTG-1,-6.085419057155403,-15.519510135528414
GTCATTTGTGGCTTGC-1,-15.592456682272605,9.607120619366519
GTCCTCAAGAGTTGAT-1,15.762614088517632,1.6935195645555476
GTCCTCAGTGGCAGAT-1,-10.474519486828868,6.02086372498814
GTCGAATCAACCGTAT-1,-13.630007383533421,6.897506022282533
GTCGAATGTTCTCCCA-1,-5.979991998863978,7.607094821271815
GTCGTAAAGAGTCTGG-1,7.725180874653288,-5.068635224091309
GTCGTAAAGTGTCATC-1,-11.377752450408078,-10.93368965947478
GTCGTAAGTGCCGAAA-1,8.245930572420201,10.826744322995932
GTCGTTCAGGAACGAA-1,22.529737938782738,-15.238148201740014
GTCGTTCCATCGAAGG-1,-19.168364029887247,-7.25299739779622
GTCGTTCGTTGGTACT-1,14.063389963915267,14.97140950582433
GTCTACCCAGGGACTA-1,-19.66225136675484,3.594510999175085
GTCTACCGTTCTGACA-1,9.86415960462634,9.390070989843023
GTCTACCTCTTTCGAT-1,7.9723856141270515,-8.213867191991538
GTCTAGAGTGTGCTTA-1,3.4630176998812643,14.739192722625678
GTCTAGATCGTTATCT-1,-21.321025416760055,8.475729493206886
GTCTCACGTGTCCAAT-1,9.123555862994724,-21.474431197609984
GTCTGTCCAGTCGCTG-1,-32.85823961433276,-1.6379460171299436
GTCTGTCGTGAGGAAA-1,-19.13776280146002,11.297326304833033
GTCTTTACATAACCCA-1,-38.498415958693236,-9.47304578895379
GTCTTTAGTCATCTAG-1,31.914135538354213,-0.9211449433035366
GTGAGTTCATGACTAC-1,-0.3829254893515481,17.38847135895726
GTGATGTAGGCACAAC-1,-11.209719403253208,20.72861019126205
GTGCACGAGTGATAGT-1,30.358822898813408,2.2011637271715316
GTGCACGCATGGAATA-1,10.661673399003424,-17.159566827682674
GTGCACGTCGCCAATA-1,24.93639178774405,-28.035796839918994
GTGCAGCAGAAGTATC-1,34.9540515372112,2.142456167912315
GTGCAGCCAACTGCTA-1,2.78273853305943,-22.337093452629958
GTGCAGCCAAGTGCTT-1,1.6243620499299534,17.550887419451147
GTGCAGCGTCCCGCAA-1,-17.775261175686694,2.7439809495729963
GTGCGTGGTGCGTCGT-1,12.397807633472382,-23.227698728460727
GTGCTGGCACAGCCTG-1,-17.134976862875114,4.754482340789695
GTGCTGGTCCATTGCC-1,-35.52607626043338,0.46654119951324724
GTGCTTCGTCGCTCGA-1,7.298567098091445,6.670688045337264
GTGGAAGAGAGAGCAA-1,17.326849007999613,11.559303738857984
GTGGAAGAGGCTCAAG-1,2.783021210470004,12.122483694350047
GTGGAGACAGCGTACC-1,-2.414532695732426,-15.823739942193564
GTGGAGAGTGCGGTAA-1,-9.482602488482977,-9.202490337582518
GTGGAGATCCTATGGA-1,25.151615878788114,-3.7087858544610413
GTGGCGTAGCGTGTCC-1,3.6601944296964923,-4.100225268782504
GTGGCGTCACTTCATT-1,-11.58227545054671,19.738809484801045
GTGGCGTGTATGTCTG-1,16.807218263129062,11.194566949698533
GTGGCGTTCCGGTAAT-1,3.547347748917519,18.943808103013502
GTGGTTAAGAACGTGC-1,5.711762336897427,6.834550872865714
GTGGTTACACTGCGTG-1,9.2638603294842,-22.92445112010917
GTGGTTATCAATCAGC-1,-19.083131537513335,-9.338528687317808
GTGTCCTAGACAAGCC-1,2.2314515172063136,-0.7805238585401862
GTGTCCTCATACTGTG-1,2.8471885257430647,5.334087550255932
GTGTCCTTCCTTTAGT-1,35.51489918102195,3.228382191588855
GTGTGATCATCCCACT-1,-6.984780451381481,6.861145016718979
GTGTGGCGTAAGATTG-1,-16.347069661676645,12.914292425493462
GTTACAGCAAGCGGAT-1,-12.57154207439853,18.40232442704728
GTTACAGGTGACGTCC-1,11.245554711683829,-23.68326179498583
GTTACAGTCTGGGATT-1,7.5697608329907675,-9.37414521558915
GTTACCCTCCAAACCA-1,-2.631867043799988,-5.6315705745114455
GTTACGAAGGTAGTAT-1,19.258610707380388,3.394990299370561
GTTAGACGTTAAACAG-1,-17.12770877055661,18.040803213212687
GTTAGACTCCATGATG-1,-13.965648530246812,15.89376755485775
GTTAGTGCAGAAATTG-1,-19.20791693871866,14.022268778362752
GTTAGTGGTAGCGCTC-1,-5.077353596937732,-18.86877901648518
GTTATGGCACATTGTG-1,-4.258441065847787,10.183746261246295
GTTATGGGTACTGCGC-1,22.912210266179635,-29.275084091577963
GTTATGGTCCGCTTAC-1,28.666951524584988,9.563073209754226
GTTATGGTCCTACGGG-1,-42.743630586125676,-2.4679295891831226
GTTATGGTCTGGAAGG-1,35.90612021577945,6.841944147799857
GTTCCGTCAAGGCAAC-1,-14.444583736349127,14.452707861894076
GTTCCGTGTTCCTAGA-1,6.5828425938443225,20.019950193790727
GTTCCGTTCCGTATAG-1,36.484847783858044,4.1667271722584625
GTTCGCTTCTGGCCAG-1,-35.34294073373629,-9.241421083913187
GTTCTATTCTTGATTC-1,15.056772656503163,-19.455224174440886
GTTGAACCAACGTAAA-1,-23.466532253355265,12.038377766910212
GTTGAACGTACTCCCT-1,-3.273276324999752,-8.256755429930804
GTTGCGGGTTACAGCT-1,-20.06119519378131,3.0227948977103325
GTTGTAGCACTAAACC-1,16.52683659230404,-27.147737361761166
GTTGTCCGTCGCTCGA-1,18.966484255621992,8.178499262580115
GTTGTCCTCATGGAGG-1,28.905329879301238,1.121529653266842
GTTGTGAAGACCCTTA-1,-11.899260376757768,-10.918026169592352
GTTGTGAAGTATCTGC-1,9.182404556833655,1.2425554332409983
GTTGTGAGTGGTCAAG-1,28.970089510092947,2.5389711858197783
GTTGTGAGTTCGCGTG-1,20.609605524537173,2.8846990708832743
GTTGTGAGTTGTGCCG-1,34.22656075159547,3.793137172991064
GTTTACTCAGGTGTTT-1,-18.951407783990202,4.494378261101706
GTTTACTCATGACACT-1,-6.324813217485651,-13.177305791066885
GTTTACTGTTATAGCC-1,20.430367018886354,6.594664181885301
GTTTACTTCGGTCTAA-1,22.314381096444812,-28.891060951505725
GTTTGGAAGAACGTGC-1,-5.3931084592551395,20.280914105931355
GTTTGGATCATGCGGC-1,20.82818473170201,-29.778596302752
TAACACGAGAAATTGC-1,12.21291114659434,3.9710426527485048
TAACACGAGATACGAT-1,-39.99059331863063,-2.35769226762036
TAACACGGTGCATTTG-1,-32.56247521174232,1.3952080525889183
TAACCAGAGAAACTAC-1,-20.613670165990786,3.6590405528039693
TAACCAGGTAGTTACC-1,8.474114387915998,0.7765057078768787
TAACGACAGCGCCCAT-1,24.645820691362797,5.032009921123766
TAACGACCATCAGCTA-1,15.654160448018434,2.6721493403865533
TAAGCACAGAACTGAT-1,-35.3482587064801,1.1776822655652943
TAAGCACGTAGGCTGA-1,-15.01503542823428,-3.9560847677916517
TAAGCGTAGCTAGATA-1,-21.738505022167583,13.210671155564851
TAATCTCGTCACGCTG-1,-5.428232747159865,-11.016438224123021
TAATTCCCAGCGTGAA-1,-39.96241046765152,-1.6545873260254964
TACAACGAGTACAACA-1,-3.5776234754193372,-10.881089139604887
TACAACGCACGCAAAG-1,-31.806874964110015,-10.160478746311314
TACACCCCAAATTGCC-1,-2.052935677564501,-6.279578244314697
TACACCCCAATGTCTG-1,-1.6679635115557738,1.9154053429978248
TACACCCGTTCTCAGA-1,-2.8145246815593308,-7.37684217314372
TACCCACGTCGCTCGA-1,24.106173099166135,5.846684299454092
TACCCGTGTCCTCCAT-1,-0.8663725649352649,1.48979161264794
TACCGAACATGAATAG-1,25.61024251284756,-21.214860558469866
TACCGAATCGCCAGTG-1,24.12682665923414,5.215836777649585
TACCGAATCTGAATCG-1,-17.802693940955365,10.28548420133521
TACCGGGAGGTAAGAG-1,-7.693906893371296,22.284024473974473
TACCGGGCAACTTGGT-1,-14.427378972849825,16.635367460366986
TACCGGGTCACTGATG-1,23.42981075561825,-13.39020528719443
TACCGGGTCTTCACGC-1,0.7618355960690613,5.4235935590119215
TACCTCGTCATACGGT-1,-40.55524746745507,-1.4706199139491998
TACCTCGTCGGTCATA-1,2.582911370862095,-5.078226068849823
TACCTGCAGTAGGGTC-1,26.374760709935842,-18.80160208913397
TACCTGCTCTTTCGAT-1,-1.6277306165502574,-19.94911400742754
TACGCTCAGCAGTCTT-1,-6.91537216936256,-16.048695225027906
TACGGGCAGCTCCGAC-1,19.088800241549833,10.526946283526494
TACGGGCGTTACGGAG-1,-14.932960835704412,11.151205473516317
TACTTACAGGCCTGCT-1,6.487962593564613,-1.8288683301157154
TACTTACGTGGAGGTT-1,-19.16430328876387,-7.193660104983696
TACTTGTCATGACTTG-1,33.37255132800508,12.993856818556926
TACTTGTGTCTACAAC-1,5.9920888576782705,-1.0362641335840286
TAGACCACAAATCAGA-1,-35.85856918207668,-4.612985462060645
TAGACCACAACGTATC-1,23.53535202531189,-13.19072275040129
TAGACCACATGGAAGC-1,33.050019802207075,10.756913134561609
TAGACCAGTGACCGAA-1,6.001874469875532,-0.5486444030003768
TAGACTGCAGGTTACT-1,-2.948587628928185,-17.14357972133182
TAGACTGGTTCCCACT-1,34.69222947777242,9.62640420557822
TAGACTGGTTGCTGAT-1,-6.473898788689559,11.866555937330448
TAGATCGCACACCAGC-1,-41.985355285422656,-1.791896557760365
TAGCACACACCAAAGG-1,17.78298162326695,-20.73736796357552
TAGGAGGGTATCACCA-1,2.0973909150710157,-1.785904493739793
TAGGAGGGTGACACGA-1,-9.798016592059131,19.09362557527013
TAGGAGGGTGCGACAA-1,-2.1545974191085646,-18.25350754348248
TAGGGTTTCCCATTCG-1,-35.26607644731749,-5.544740161296022
TAGGTACCACTCTGCT-1,-6.874725853144511,6.891117534804307
TAGTGCACAGAGTGAC-1,-23.05076025242723,12.748955515009076
TAGTGCACATTCTGTT-1,11.92405486430141,7.200590182994736
TATACCTAGTTTGGCT-1,7.6237924488177145,19.708287294788537
TATACCTTCGCAGATT-1,28.090649209560993,-18.929088165789715
TATATCCTCCCAGGCA-1,4.083947138179287,-21.693467936132823
TATCAGGAGCGATGCA-1,-3.533054310613613,-19.624266693392617
TATCAGGTCACTGCTC-1,-11.869438591823668,15.94251381835158
TATCCTAAGATGGTAT-1,32.06453080827664,3.517459124234708
TATCGCCCAGAATGTA-1,-11.529332676946087,-10.053062971656976
TATCTGTAGATGGTAT-1,25.51272398552848,-27.6280486078351
TATCTTGCACAAGTTC-1,-0.8529414305942087,9.238733245698299
TATCTTGTCGCCACTT-1,35.99336950341072,8.380979452640293
TATGTTCTCGCGTCGA-1,6.835429154002394,-9.57709365953146
TATTCCACAGCTGCCA-1,4.469697146797834,-0.8196692577760034
TATTCCATCCAAGCTA-1,-18.93079371019557,-9.94580556376118
TATTGCTAGGCGAAGG-1,-12.588634232633629,18.064835943945088
TATTGCTCATGTGGTT-1,1.2507640043792085,18.340088008747582
TATTGGGGTGGCTTGC-1,35.157179820364654,3.7480138474629583
TATTGGGTCATTACCT-1,3.284515228027552,-4.136185885082507
TATTTCGAGGATAATC-1,16.266281561082753,-11.246275340179242
TATTTCGTCACGGGAA-1,-38.04100876275809,-6.04690427588915
TCAAGCAGTATCGTTG-1,-6.8151413720544936,-18.855030175434717
TCAAGTGAGAAGGATG-1,5.4440757776012605,18.783306464101845
TCAAGTGCATCAGTGT-1,16.551703048050197,-27.069229754329662
TCAATCTAGATAGGGA-1,-10.870448140753139,3.5088070194061007
TCAATCTTCATCACTT-1,32.41415773184524,12.509546279390714
TCAATTCCATCTGGGC-1,-11.938641038297632,-10.435201668418024
TCACAAGAGACGGAAA-1,7.066139548938861,11.419435131539165
TCACAAGCAATTAGGA-1,-5.4618268717106035,-9.061423451203053
TCACAAGTCGTAATGC-1,18.314539917338877,10.47609421396654
TCACACCTCTGCGGCA-1,16.04568098032034,-11.214636674714711
TCACATTGTCCATACA-1,-40.84723883820059,-0.6424234209398201
TCACGCTAGATTGGGC-1,-16.711114383003444,19.07387513022462
TCACGCTTCCTAGAGT-1,14.271674022163959,4.497249838195838
TCACTCGAGCGTGTTT-1,-11.56754842152184,7.5365576504668965
TCACTCGAGTACTGTC-1,-40.4544869084186,-5.246099414376729
TCAGCAAAGAGCAGTC-1,1.284149819288717,-7.82391608070955
TCAGCAACACTGAGTT-1,-18.871093140129226,15.672354373141575
TCAGCCTAGCGATGCA-1,15.052404802614378,9.212379788441266
TCAGCCTTCGCCTAGG-1,-17.228011651884874,13.314245450118348
TCAGGGCCATCAGCGC-1,-36.85607540821624,0.4276127625470705
TCAGGGCGTACTGCGC-1,-37.85146512217381,-1.9581638584844971
TCAGGTACAATCGCGC-1,-36.30404177471769,-0.20769596452739644
TCAGGTAGTTTGTTGG-1,25.11439091302275,-3.716097487260669
TCAGTCCGTGCAGATG-1,1.7856859612882618,0.27055897887637964
TCAGTCCGTGGAACCA-1,12.091640540690449,-18.75085681270926
TCAGTGATCTGCTGAA-1,15.690574144652844,-23.535791016271197
TCATACTTCAGCACCG-1,-12.846022695384507,-9.892837633402813
TCATATCTCATTCCTA-1,-31.83270724651715,1.0006150063720596
TCATCATAGATGTTAG-1,-2.9479772661338783,9.391720212292716
TCATCATGTCCTCATC-1,-18.34600937185604,8.26267405956141
TCATCATTCGTTAGAC-1,21.938988057532523,-28.997351495896925
TCATCCGCATCCGGCA-1,22.394343172945618,-28.49335477037497
TCATGGAAGTCACAGG-1,34.45269113026489,8.062309248479329
TCATGGAGTTCAAACC-1,-19.256427470785734,5.40536478573766
TCATTACCAACCGTGC-1,5.828731265697637,0.09900826328124918
TCATTACGTGAATTGA-1,-1.2160838181341513,9.642281893326361
TCATTACGTTTCCAAG-1,13.069018462563893,14.716240592941356
TCATTGTAGGAATGTT-1,18.024015280277656,-16.750935524973023
TCATTTGAGGATTCAA-1,-14.615416815997895,17.59598207401933
TCATTTGGTCCGTACG-1,-5.38677893586195,-9.82604103563167
TCATTTGTCTCTGAGA-1,-2.0602694141521325,12.429996030307057
TCCACCAAGTGCGCTC-1,6.2558015340756885,-21.125113478790652
TCCACCACAATAAGGT-1,22.61828061830242,-29.20254647001914
TCCACCACAGTGTATC-1,-6.777035721604536,15.423193222220037
TCCACCATCACGGACC-1,-5.043563854365107,-18.33304936473435
TCCATCGAGATCCGAG-1,11.564838565362521,-24.044405077193748
TCCATGCAGCACACCC-1,35.872685073250736,6.822838838940595
TCCCACACAGGTTCGC-1,-7.005781576664964,-17.513088159629273
TCCCACAGTCAATCTG-1,-5.638414536828302,15.704019468475572
TCCCATGAGCACTAGG-1,11.882489423595427,13.409590791033619
TCCCATGAGCTTAAGA-1,-19.155286672602514,11.20644573387265
TCCGAAAAGCCATATC-1,-13.596692702847612,10.975957782662972
TCCGAAACACGTACTA-1,-5.974470594335632,17.368862045549825
TCCGAAAGTCTAGTGT-1,-31.770997995038332,-0.041428016809312886
TCCGATCAGCATAGGC-1,1.427938198838463,-2.588753939448921
TCCGATCTCCCGTAAA-1,-0.3805050409438477,16.217175810771952
TCCGATCTCCTTATAC-1,9.6338645646358,6.995404605947113
TCCGGGATCCTCAGGG-1,3.4943681537015574,12.233988198416675
TCCGTGTTCACAAGGG-1,-4.839645152794671,-9.537473880021656
TCCGTGTTCTCCAAGA-1,-2.3491003832761437,19.226495079931986
TCCTAATAGCAATTCC-1,18.904627395539194,12.776618845735985
TCCTAATAGTGAGCCA-1,16.381636881418352,8.94427538951761
TCCTAATCAAGTCATC-1,-1.0241506136971261,15.609249760833261
TCCTAATTCACTAGCA-1,-18.971779974207344,2.4026667237983172
TCCTCGACACAGTCAT-1,11.643521744061626,6.826969809496109
TCCTCGAGTTGAGGAC-1,-35.413550500961854,-8.360437818505506
TCCTCTTTCCAACCGG-1,-35.69773633510251,-6.395698967091613
TCGAACACAAGGTTGG-1,-6.676072032390672,22.82248947105707
TCGAACATCTCCCTAG-1,-42.46527381901645,-4.098472090733228
TCGACCTCACGGATCC-1,9.115882062810503,7.75702972023344
TCGACCTGTGCCCAGT-1,30.54716704526417,-1.5872743287294095
TCGACGGCATCGAGCC-1,34.707984097520416,11.052057569099897
TCGCACTGTAGTACGG-1,-13.712476713133519,15.844557935875855
TCGCAGGTCACGACTA-1,-7.0041862185516806,6.121295465868556
TCGCTCAAGTCAATCC-1,32.598818507477915,0.2970288855371106
TCGCTCACAATGCAGG-1,-4.526884454225514,-19.03420558897865
TCGCTTGGTGCCTATA-1,-41.308517301219624,-0.3366316676531279
TCGCTTGTCCCGAGTG-1,10.300165643148155,-23.746147748139897
TCGGATAAGGTTAAAC-1,8.437710162858236,1.3016221871152962
TCGGGACAGAGCACTG-1,-35.599060522903365,-1.5133835696583913
TCGGGACTCGGTCACG-1,-11.03973766198643,1.6438445602924188
TCGGGCACATGTCTAG-1,32.77218398794247,1.1990808272297475
TCGGGCATCTCATTAC-1,-2.9853417500331676,-10.476602901940575
TCGGGTGTCGAATCCA-1,18.757593899020407,4.3797984289596705
TCGGTCTCAGGTCAAG-1,1.2344718219014423,-4.878776985231328
TCGTCCAAGGTCATAA-1,-12.141970795623271,17.93969160828235
TCGTCCAGTAGGAGGG-1,22.098202249806807,8.309379481867802
TCGTCCAGTCTCAAGT-1,6.556275084985802,8.153417948851422
TCGTCCAGTTCTCGCT-1,-13.633093896287965,10.229517464957889
TCGTCCATCTTCGGAA-1,23.411270297182337,-29.767674621902604
TCGTGCTTCTCGGGAC-1,-1.9925835924867963,-20.110359940704694
TCTAACTCATGAATCC-1,-10.066897111830666,14.095946781627509
TCTACATAGTAATTGG-1,8.331193423081677,-21.695788751448074
TCTACATCACCTGCAG-1,0.40389254771890964,10.911179501210663
TCTACATTCCCAGTGG-1,-5.2882330500157275,13.791376395802596
TCTACCGAGATACTGA-1,16.749427759297145,-20.35687847515162
TCTATACCATGCCGAC-1,13.038516357307302,6.814330974766896
TCTATACGTTGCAACT-1,13.211569407941665,5.726551019382302
TCTCCGACAGCACCCA-1,17.55927879272101,3.0118372315973936
TCTGCCAGTCTAACGT-1,-32.60740858392012,-8.948726792430465
TCTGCCATCACCATAG-1,0.581678956374177,17.732230877996336
TCTGTCGAGGTAAGTT-1,-15.796258376751922,16.88003713804121
TCTGTCGCATTCACCC-1,-15.938217289256254,2.0915042281403635
TCTTAGTCAAGCAGGT-1,2.6953261644526605,10.203005579706554
TCTTCCTTCGAACACT-1,34.252357421067124,3.946278289563968
TCTTGCGAGCCACCGT-1,20.3135928349783,5.496313237208126
TCTTGCGCATGTTCGA-1,35.930587570891475,-1.3233550629287694
TCTTTGAAGAAATCCA-1,10.373080105623945,13.839640106192384
TCTTTGAAGACGCCAA-1,-3.2692764884699503,3.0880561784125162
TCTTTGAAGGGCCTCT-1,24.59743743168555,5.979855958008721
TCTTTGAGTCTCAAGT-1,-6.104611146452729,10.619729591791877
TGAACGTAGAGTCAGC-1,1.8700351476092822,2.5314588139003162
TGAACGTGTATCGAAA-1,-18.14853825589695,17.041527546177896
TGAATGCCATGTGGTT-1,-5.290546054424563,19.035644966286306
TGAATGCGTCCCTAAA-1,22.55854176243335,-15.175596519629018
TGACAGTCACACAGAG-1,-14.162554847069519,19.093755342366133
TGACCCTGTGTCCGGT-1,2.4483807716490347,-4.512223398936381
TGAGACTAGAGCAGTC-1,4.020446361877485,4.80031406062245
TGAGCATTCTCTATAC-1,-9.280695936818578,13.88961283453479
TGAGGAGCAAGGTCTT-1,21.746535934583182,6.61866308440894
TGAGGAGCAGCTATAC-1,-33.96271512514375,-8.026295028139216
TGAGGGAGTTGCATAC-1,31.74265072949606,4.984973855499182
TGAGGTTGTGGCTAGA-1,34.22760915896427,13.64813780840602
TGAGTCAAGCTAATCC-1,6.1744089373036175,2.7506793576315225
TGAGTCATCCCGTTCA-1,4.191282652236339,3.51319227364701
TGATCAGGTCTGCATA-1,-42.77163047653453,-1.908730663947936
TGATCAGGTGTATTCG-1,-36.00130612705991,-9.184115636636236
TGATCAGTCTTACCAT-1,11.893981077422989,10.088373547485872
TGATGGTAGTCACGAG-1,21.684726401046085,-29.742743530634872
TGATGGTCATCGGTTA-1,-5.909145979927401,14.54126546238557
TGATGGTGTCATAAAG-1,-23.147446485399215,12.537660284695649
TGATTCTTCTGGCTGG-1,-33.504060627791226,-8.117626114746056
TGATTTCAGCATGGGT-1,26.06887837040594,-21.78879944585364
TGATTTCGTTCGAACT-1,18.648535778647894,7.079078303596909
TGATTTCTCCTCACCA-1,-36.10162689445011,-9.332985407268927
TGATTTCTCGAAACAA-1,19.872321323861147,6.684464910110629
TGCAGATAGTTGCTGT-1,20.599760711020483,9.217332569608098
TGCAGATCAAGTGATA-1,16.28761479549137,2.507424500252233
TGCAGATTCTAGATCG-1,-43.14661021364604,-1.145414585427313
TGCAGGCGTGGACTGA-1,-18.252041691901564,4.543616241726789
TGCAGGCTCACCTCAC-1,32.42935615597408,1.6435641927213906
TGCAGTAAGGCGTTGA-1,15.54690276589265,13.128423353363754
TGCATGAGTAAGCTCT-1,-6.43026178579195,13.936069148457925
TGCATGATCTTCACAT-1,-38.055845308335044,-6.414519112566913
TGCCGAGAGTTTGGCT-1,2.8800695856906784,-21.877661037658797
TGCCGAGCAGGCCCTA-1,-10.512124735326543,21.710310422537553
TGCCGAGGTAGTTAGA-1,-0.2630441448342035,2.146758657189525
TGCGACGGTAGGGTAC-1,15.690233960061313,-16.651107108891715
TGCGGCAAGCACGTCC-1,-40.04721724957329,-2.0094800237273076
TGCGGCAAGCCTCACG-1,-32.622147967562974,-1.635232284066706
TGCTCCAAGGTGTGAC-1,-37.74093551654698,-2.7303133542227935
TGCTTCGTCTTAGTTC-1,5.678580207096205,-3.946168531998012
TGCTTGCCAGCACACC-1,-38.47408495573848,0.7401246702217026
TGGAACTAGCCGGATA-1,-1.934476277576106,-20.358743836124116
TGGAACTAGCTACTAC-1,23.827971443614935,-28.620453552035663
TGGAACTCACTACACA-1,35.36052252925923,11.398040033112789
TGGAGAGCAAGTAGTA-1,10.213897167472535,-20.960852660304692
TGGAGAGGTCTTGCGG-1,22.60235167061745,-15.111468276026262
TGGAGAGTCACTGCTC-1,-31.848561081908052,-0.8397358926970676
TGGAGGACACCGTACG-1,-33.403360457708295,-3.928115259207576
TGGATCATCAATCAGC-1,34.19555996121116,1.8576335498525427
TGGATGTTCCTGTTAT-1,35.073712304596654,6.356243457718826
TGGCGTGAGAAGCGGG-1,-8.287928527222405,-9.698023652654994
TGGGAAGTCGACATCA-1,31.229676836564288,-1.5299202250898123
TGGGAGACATCGCTGG-1,15.38865017735481,-26.883370199025144
TGGGAGATCCCAAGTA-1,26.18192628134678,0.6885029422592616
TGGGATTAGCGTATAA-1,-11.398439429295232,8.529540102745122
TGGGATTTCAGTCTTT-1,-34.810852242990094,-3.01682966080914
TGGGATTTCGAGTGAG-1,-35.21905153396711,-10.242761831417525
TGGGATTTCTCGACCT-1,4.1579204715863645,1.3317790387079929
TGGGCTGCACACGGAA-1,35.87092599263775,4.333679515745526
TGGGCTGTCGAAATCC-1,-36.91806025734379,-9.381533403518192
TGGGTTATCAGTGCGC-1,-1.561195705166613,-16.376678263744537
TGGGTTATCCCTGGTT-1,8.080824672415954,-8.404622669482219
TGGTAGTGTATGAAGT-1,24.425198364982794,-27.632518680124612
TGGTGATTCCCATAAG-1,12.550308798613017,-22.193548921456113
TGGTTAGAGAGAGCCT-1,2.738195430955194,13.559553622442886
TGGTTAGCAGTAGTTC-1,-10.798149782380518,21.639873156613174
TGGTTAGTCTCGGTAA-1,-16.584729334363693,17.16259811727191
TGTAACGAGCTAATGA-1,-3.6998560082153915,5.278965302047198
TGTAACGTCTCTCAAT-1,0.8392964142559516,11.890834864209808
TGTAAGCTCCTTCTAA-1,-21.409721198517715,13.969332659237628
TGTACAGCAACCTAAC-1,2.1649000038535275,3.2868138394492346
TGTACAGCATTGACCA-1,15.105334498712422,11.940782279446674
TGTCAGATCGCTGCGA-1,5.602023983789644,12.363821782304145
TGTCCTGAGCACTAGG-1,-11.64293216009455,-10.549738206192288
TGTGATGCACCATAAC-1,-18.255351588589843,5.248357837592481
TGTGTGACAGCCGGTT-1,-20.15116314952771,14.97421259437767
TGTGTGAGTCGGAAAC-1,-1.5049436993218772,3.0991814225015113
TGTGTGATCAGGGATG-1,-32.127070483788074,-9.806822088611057
TGTTACTAGGGAGTGG-1,19.769379115441748,9.77476434682281
TGTTCATCATGACTCA-1,-39.36643845325386,-8.977415882017834
TGTTCATGTAGGGAGG-1,21.552852966178172,0.7542137476803239
TGTTCATGTGGACCTC-1,-7.793414572124079,7.30820228876358
TGTTCTAGTACCTTCC-1,-33.282699281114034,-9.72415185413776
TGTTGAGAGCACAAAT-1,12.016503880582675,-18.818435368932626
TGTTGAGAGCGTTGTT-1,-43.051551356356704,1.0435282863429702
TGTTGAGGTGTTCAGT-1,-39.032384022887946,-0.4927306530515486
TGTTGGAAGTGATAGT-1,-15.218045809900133,-4.144170537661525
TGTTGGAGTAGCGTTT-1,-7.160039867215994,17.984293099434797
TGTTTGTAGTTCCGGC-1,-7.186518779127439,14.342940757801157
TGTTTGTCAGGGTTGA-1,17.334197798657133,9.795980465453145
TGTTTGTGTTCCACGG-1,-18.09897856809309,17.56297383633731
TTAATCCTCACGGGAA-1,34.762380062476296,11.159158134282736
TTACAGGCATGGACAG-1,-15.097870706849488,17.305835417152505
TTACCATAGCGTTGTT-1,-6.5759758375494,-15.001247827799101
TTACCGCTCCCTTGTG-1,-36.19920971364969,-0.14692832028646458
TTACGCCCAAATGGTA-1,4.16524991525778,13.38348760580889
TTACGCCGTAACAAGT-1,19.615205873564275,-26.54954798995831
TTACGTTTCTGGAGAG-1,-32.87225331316671,-1.3008615409767588
TTACTGTAGACCCGCT-1,17.680030001621287,7.469673603179266
TTAGGCAAGAGAAGGT-1,-19.651114549747664,16.968740306780603
TTAGGCACATCGTCCT-1,6.373349678586134,3.5163521427612054
TTAGTCTAGGACAGTC-1,2.4757913521644177,-5.750876133993518
TTAGTCTCAGACCATT-1,-2.3361203902260796,-8.557727567428497
TTAGTCTGTTCCTAAG-1,-22.530088839376084,7.381460986293219
TTCACCGCATTCCTCG-1,0.3319040805643672,7.790735671529635
TTCACCGTCCTCTTTC-1,-41.40656213520861,-7.7123272713533515
TTCAGGATCCTCATAT-1,1.2577995262081794,6.030551120491133
TTCATGTCACCAGTAT-1,32.593744875565505,1.6964948172742715
TTCCAATAGCATAGGC-1,-17.401987261431607,6.013947993793601
TTCCAATAGTAATCCC-1,13.94059327315034,7.058577329123278
TTCCACGTCCGCGGAT-1,24.849845905079526,-25.407869300476623
TTCCGTGAGCCTGTGC-1,1.0927946514013411,-1.1853127385933568
TTCCTCTAGGACAAGA-1,-5.471093379845493,18.683504647492793
TTCCTTCAGACGGATC-1,-8.051824477964681,17.66007959554682
TTCCTTCAGCTCGACC-1,17.91471407298941,6.812774462698332
TTCGCTGTCACATTGG-1,-14.524279093044342,9.689113385097741
TTCGGTCAGCCTCAAT-1,-19.03380846544807,-8.225579322643542
TTCGGTCAGGAGTATT-1,2.8395839955309685,14.545486284377128
TTCGGTCTCAAGAATG-1,-19.69493341824298,15.84012336512192
TTCTAACAGACTGGGT-1,23.972389487300998,4.767987145937434
TTCTCTCCAAGACGAC-1,-1.6515832900460934,10.725299545038498
TTCTGTACACACCTGG-1,15.851578748893367,-26.1158299598884
TTCTTCCGTCTTTATC-1,-13.701541256655403,-3.0284297041259394
TTCTTGAAGTGAGGCT-1,25.153628810493302,-3.706248422844289
TTCTTGAGTAACCCTA-1,6.475838878125867,-6.674540957812761
TTCTTGAGTCGAGATG-1,-7.51611599719394,22.771983685986537
TTGACCCTCGATACGT-1,-5.659378308491214,-7.409839044855058
TTGAGTGAGGTGCGAT-1,12.44857172123633,11.00170925713676
TTGAGTGTCCGATGCG-1,0.970714841620112,-0.37420798783913967
TTGATGGAGCGACATG-1,-23.731096996040144,7.034480462452319
TTGATGGCAAGATGGC-1,-33.50981452510632,-10.177991491787097
TTGATGGGTAAGCGGT-1,1.189840986455715,-3.8109487242810878
TTGATGGGTAGCTTTG-1,9.934219551910175,15.171372623448061
TTGCATTAGACGATAT-1,-3.723996362392571,-7.786644297447009
TTGCATTCAGAGGAAA-1,-7.719251071327328,24.023103865403904
TTGCATTTCTGAGATC-1,16.99346263065435,-26.977362705977164
TTGCCTGAGAGTGACC-1,-4.100458108056084,14.369761179924556
TTGCCTGGTTCCCAAA-1,16.127262594465996,-13.080470854859161
TTGCCTGTCCGACATA-1,-37.40681299060424,-5.48806949309311
TTGCGTCAGTATGAAC-1,18.218818340681242,10.61487772269668
TTGCGTCAGTTTCTTC-1,-44.12402886823613,0.5048298594446912
TTGGATGAGACCAGCA-1,-12.812400548918504,10.791338863569855
TTGGATGAGAGAGCGG-1,-5.802405703671556,-8.566969134867952
TTGGATGAGTCATTGC-1,-38.310319127984364,-9.216431769476104
TTGGATGTCGACATAC-1,0.9058489952263942,17.664759716153423
TTGGATGTCGTTGTAG-1,1.525864444149352,1.2383373469319796
TTGGGCGGTAGGGTAC-1,12.56580519292729,-26.40429911918161
TTGGGTACAACACGTT-1,9.385262499951429,-23.507533296527445
TTGGTTTAGGTGCTAG-1,-2.340609193898203,-17.15098545165856
TTGTTCAAGAAACTCA-1,8.077891018300155,8.418304915996423
TTGTTCAAGACAGCTG-1,-42.288217384032684,-3.1197473560503126
TTGTTCAAGCCAGAGT-1,0.8518784298843882,14.876927564241322
TTGTTCAAGGTTGTTC-1,-35.630344750509536,-5.1699422103070525
TTGTTGTGTGTTAGCT-1,-19.148844231858167,-7.369950719117656
TTGTTTGCACCCAATA-1,31.898783566167143,-1.5675721729613366
TTTACTGAGAAGGGAT-1,15.74968249524829,-13.61609439621811
TTTACTGAGCTCACTA-1,11.794879146720168,-18.548581707970634
TTTATGCTCATTTGGG-1,13.137895173546074,-26.0497652477018
TTTCACAGTGGCTAGA-1,0.4347055455302779,2.794541112718899
TTTCACATCAGCGGAA-1,13.051253142411804,-20.6387650713643
TTTCACATCGCAAGAG-1,1.7609592802365357,-6.462513242504938
TTTCAGTAGACCTCCG-1,5.148262915838134,-5.76733115629177
TTTCAGTTCTACCTTA-1,17.74545437771924,5.344898237836011
TTTCATGCACAAGCAG-1,-2.7450206353839115,-18.115112452517938
TTTCATGTCGAACTCA-1,12.448731787416099,11.73787657580633
TTTCGATTCACACCGG-1,-5.699118663275266,1.635145063435839
TTTGACTTCGTTCAGA-1,-14.738046324529584,14.28557515283181
TTTGATCTCCATAGGT-1,-39.80032250134693,-2.0818316964343553
TTTGGAGAGGCTAACG-1,1.5167823714722966,-2.4706192425902973
TTTGGTTAGTAATCCC-1,-17.666733538132746,14.802064935732753
TTTGTTGGTATGGAAT-1,-34.93109051036558,-9.756855078583389
