Barcode,UMAP-1,UMAP-2
AAACGAATCAAAGCCT-1,11.240983019343913,-19.323664033970662
AAACGCTGTAATGTGA-1,-0.48019450513222894,1.826620210396673
AAACGCTGTCCTGGGT-1,-4.2009114092202235,-2.5606396193577323
AAAGAACCAGGACATG-1,-1.5860924541684036,4.482547896185213
AAAGGTACACACGGTC-1,-2.814946080485316,-3.1724057534768364
AAAGTCCAGTCACTAC-1,-0.7327702210808609,6.058834605387539
AAAGTCCGTGACTGTT-1,11.87456016227023,-20.046073150085633
AAAGTCCTCCAGCCTT-1,-1.3525766373361912,-0.03798274724512621
AAAGTGAGTTCCTAAG-1,-3.4625067542277947,4.485732702873408
AAAGTGATCAGTGGGA-1,2.4583488179400046,3.282140332258598
AAATGGAGTAGCGTCC-1,12.606281316375597,-19.076545898941667
AACAAAGGTGTGAGCA-1,-0.855831790186766,0.8401760793657608
AACAACCCAGAGGCTA-1,11.192747077771758,-19.38803285094355
AACAACCCATGTGACT-1,-1.023040670173911,6.347182567791276
AACAACCGTACTCGCG-1,-0.3584581628056994,-10.288290961511551
AACAAGAAGAGGTTAT-1,13.315235864481904,-19.82875028176244
AACACACAGTGCTAGG-1,-3.4593469983921254,0.5399300117241679
AACACACGTTACGATC-1,-0.47007930975517875,-10.078702391742626
AACAGGGTCAATCCGA-1,2.1499129932368626,3.874504571457954
AACCAACAGAGAGTGA-1,13.59688248872004,-18.9899736320527
AACCAACAGAGATTCA-1,-2.6385289081297443,5.964367136727975
AACCAACAGATAACGT-1,13.089967795247714,-18.07533473100421
AACCAACTCCCTCAAC-1,0.48206308700478845,-10.832246409518264
AACCATGTCTTCGGAA-1,-3.8760526091766345,5.108877902487466
AACCCAACACCGGAAA-1,-3.652652844654093,-2.134069200093403
AACCTTTAGCCATTCA-1,-1.065210439104951,-0.003869122642490052
AACCTTTAGTTTAGGA-1,-1.8291239738009122,5.722758081033579
AACCTTTCAGGTACGA-1,11.206249461986136,-19.45934288828958
AACCTTTCATCTCATT-1,-2.348936160819551,1.7073153257975124
AACGTCAGTCGCACGT-1,1.2151114535286827,4.03626707136452
AAGACAAAGACATCCT-1,12.90090969829989,-19.43932899598148
AAGACAAAGAGGTGCT-1,-2.8558313436505167,1.017681675887419
AAGACTCCAGAGTAAT-1,-2.4501457428538145,6.571119529803366
AAGATAGTCGCGTGAC-1,-1.1034673657249585,1.7373972459369447
AAGATAGTCTACACTT-1,-0.8267837142983406,2.821449673402416
AAGCATCCAGCGGTCT-1,11.544257827151522,-19.083557781751303
AAGCATCTCAAGCTGT-1,-3.1120581284286777,-0.4826622920485038
AAGCCATGTTCGTGCG-1,11.053279650566825,-18.8163861149985
AAGCGAGCACCGTGCA-1,2.5209244753181,3.2063286708882375
AAGCGTTAGAGGTATT-1,11.421795184699123,-18.991329908356274
AAGCGTTTCGGACGTC-1,12.234770316948838,-19.614851162704063
AAGGAATAGATCCCAT-1,-4.35165607924575,-2.341740707431927
AAGGAATAGGCGAAGG-1,-3.6921664045113567,1.1434544643538478
AAGGTAACATGACTGT-1,-2.859224257509092,6.299044935492528
AAGGTAAGTAGACACG-1,-1.7030972353069762,2.8092779060361934
AAGTACCTCCCTAGGG-1,-3.6323673780553998,-1.8643775223745804
AAGTACCTCTAAGAAG-1,-2.189575007387861,5.1726169197871
AAGTGAAAGGAACTCG-1,-3.347216572752493,2.186600782926963
AAGTGAATCCTCAGAA-1,-2.869958625681699,4.47248075975244
AAGTTCGTCACTTCTA-1,-2.999970986285297,-0.43952243227061877
AATCACGAGGAGATAG-1,-0.7110302035068516,5.9552136729869565
AATCGACCACCGGAAA-1,-2.715755489405038,0.8722565574512481
AATCGTGCAGTCAGAG-1,-2.5938237235084194,-3.8380617884288926
AATCGTGGTGAGCCAA-1,-0.23563680773031506,-9.128369436848303
AATCGTGGTGGTACAG-1,-0.2531050746432821,0.968294044200397
AATGAAGCAATACAGA-1,13.413376772525362,-19.643936408787358
AATGACCAGACGCCCT-1,-4.547137453014308,-2.469141340969393
AATGACCAGGTAAACT-1,-2.531630853841141,-1.340757861913381
AATGACCCAGACAAGC-1,-1.9108036890013598,-0.9856604893806455
AATGACCTCAGCTGAT-1,-2.361219806609695,5.054078920191969
AATGCCAAGAGCCCAA-1,-0.8333219304549443,-9.68910175216528
AATGGCTCAACCGTGC-1,13.530091926326444,-19.481502655744364
AATGGCTGTCAGGAGT-1,2.1435993198297325,2.9734686510888686
AATTCCTGTACGGCAA-1,-2.4801896515397277,6.421113304533807
AATTTCCGTTCGAAGG-1,-2.460885677956928,0.005696617209824647
ACAAAGACATGGGTTT-1,-1.7534210162226798,0.5039803634312479
ACAACCAGTCCTCAGG-1,-0.7140711838806405,1.9900604240124549
ACAACCAGTGGCGTAA-1,-1.589718401353518,1.7423630758553244
ACAACCATCATCGCTC-1,-3.2333772562937333,3.0672525304709644
ACAAGCTAGTAAGCAT-1,-2.970025830509665,4.791689369983874
ACAAGCTCAGGCCTGT-1,0.9665356143906199,4.849586077713636
ACAAGCTTCATTGAGC-1,-2.9157780038226506,4.348410672070857
ACAAGCTTCTACCACC-1,-1.7997341278276702,5.5285715467495935
ACACAGTAGGCCACCT-1,1.9290759925283192,4.180095969489829
ACACAGTCACACACGC-1,-0.884853220681511,2.3804795084766193
ACACAGTCACGGCGTT-1,-1.374353722307377,2.7814592662238846
ACACCAATCGAGCACC-1,-3.6769890452141913,4.218080267114474
ACACGCGAGGGAGGAC-1,-3.9725340237113937,-3.3657761963694672
ACACGCGCAGCAGATG-1,-0.6000114517852555,-10.131876411023946
ACACGCGGTCAACCAT-1,-2.951752474030121,1.5145323704767433
ACAGAAAAGCTAGAGC-1,-3.7676862371442286,5.227630748364892
ACAGCCGCAGAGACTG-1,-0.33441953117632317,1.4268670733885511
ACAGCCGCATCCAACA-1,-0.15211599929132633,3.207272460321129
ACAGGGAGTGATACAA-1,-3.319577824070093,4.384782899112946
ACATCGAAGACGACGT-1,13.149601348846124,-18.952788038428324
ACATCGAGTCACCTTC-1,-1.645316130331187,2.089427802383872
ACATGCAGTCAAGCCC-1,0.90006799844964,4.357829008237387
ACATGCATCGTAACTG-1,-3.290892311229043,1.3113275106126523
ACCAAACCATTGGGAG-1,-1.9056710305693931,6.449767991699914
ACCAAACTCAGAGCGA-1,0.32506567039858125,-9.422009836175125
ACCAACAAGAGCCTGA-1,-0.436422572836012,-9.832160428341655
ACCAACACATCTAGAC-1,-0.47951762360832145,5.880540905638056
ACCACAACACAGCTTA-1,-2.8285022327886145,-3.984109921718703
ACCATTTAGACGCATG-1,-2.4392056705003102,4.276556126994626
ACCATTTGTAATCAAG-1,13.398882550837582,-19.20284414966562
ACCCAAACACTTGACA-1,2.028352195252631,3.673856151734052
ACCCAAATCGCTGACG-1,0.5384187890289767,2.1077623308173328
ACCCTTGAGTACTCGT-1,-3.481176999919007,0.34898218847805207
ACCCTTGCACCGGTCA-1,-2.6905628669505357,-1.222839494590337
ACCGTTCCAAGCGATG-1,-2.356089768489256,5.356687943576925
ACCTACCAGAAACTGT-1,-1.6074607022357295,3.269013863523709
ACCTACCCAGATCCAT-1,-3.517775746273676,-2.0675406088816994
ACCTACCCAGTCGTTA-1,-2.478666562133028,4.9955105675576315
ACCTGAAGTAGGCAAC-1,-0.9892392587677608,-10.074955326834859
ACGATCACACCAACAT-1,-0.9052486787862069,4.593434302921132
ACGCACGCAAGAGATT-1,-1.0619658173693938,-10.126016766963033
ACGCACGGTCAATGGG-1,1.3867255770593283,-10.040540995519244
ACGGAAGTCAAGAATG-1,0.8794061654527989,-10.055674747511747
ACGGGTCTCGCTCTAC-1,-0.28518614780451346,1.1161314749356925
ACGGTCGAGTGTAGAT-1,-2.780325433414262,-0.7778800412539727
ACGGTCGAGTTGCGCC-1,-3.420918721968473,4.431028732813599
ACGGTTACAGCGGTTC-1,-0.7504885635602633,-9.276468760050994
ACGGTTATCTACACTT-1,-1.0600154193604516,2.993549722760156
ACGTAACAGCGTCAAG-1,-3.2590944598485803,6.153494903275396
ACGTACAGTATAATGG-1,-2.923309023563468,3.7064983546625436
ACGTAGTAGGCGTTGA-1,-3.0305325635357723,4.95808091874748
ACGTAGTCATCATGAC-1,11.774935101547081,-17.629414253573874
ACGTTCCTCCAACTGA-1,-0.7971999904793018,6.039531610495528
ACTACGAAGGTTGGTG-1,-2.6972598456232726,-1.6432547112254456
ACTATCTCAGGTACGA-1,-0.39602516649079217,1.4646130564749738
ACTATCTTCAACTACG-1,-1.0981036699306213,2.5839822731470736
ACTATGGAGGCACAAC-1,2.1403180988875583,3.8458423057575977
ACTCCCAAGGGCGAAG-1,-1.6719632413423624,6.790771343822099
ACTCCCAGTAGATCGG-1,-3.3472544997454294,4.657430436809921
ACTCCCATCGTGTTCC-1,12.69889167830901,-20.09155970609869
ACTCTCGCACAATGTC-1,1.5873283241815912,4.498087844263483
ACTGCAAAGGCTAACG-1,12.872605275301655,-20.11839096787446
ACTGCAACAGTCCCGA-1,0.4000060062363566,5.657125290208276
ACTGCAAGTCGTGTTA-1,-3.3852682222128516,6.586713422671594
ACTGTCCCAGTTGCGC-1,-2.583017010237617,1.2633835663116402
ACTGTCCGTCACCCTT-1,-2.3751483929797588,-0.6196956142740447
ACTGTGAAGAAGTCAT-1,13.439164496112808,-19.233687869777174
ACTTAGGAGCGCCTTG-1,-2.708273332727308,-1.3835451902752227
ACTTAGGGTATCGTAC-1,-0.57460218296448,6.286937596657849
ACTTAGGGTTGTGCCG-1,11.59987159429396,-20.126597870649476
ACTTAGGTCTGAGAAA-1,-3.607101034509655,2.6042079222348256
ACTTATCCACAAGTTC-1,2.239327910898938,3.5025982593599303
ACTTCCGAGGGTGGGA-1,0.6315374854733163,3.258810936286839
ACTTCGCAGGGCTTCC-1,-2.1569819766010827,4.087338406666799
ACTTCGCCAAGACCGA-1,13.479344136204816,-19.70596490023814
ACTTCGCCACGTAACT-1,-4.318947842594131,7.578200113264483
ACTTTCATCTCCGCAT-1,13.126389653820047,-20.01292598782393
ACTTTGTCAAGCAGGT-1,-2.457658010986084,-4.287819306423173
ACTTTGTGTAGTCACT-1,-2.603029037927498,-1.4503104719320237
ACTTTGTGTCTGTGCG-1,11.779469978456698,-20.03480822192355
AGAACAAGTCCGAAGA-1,-2.983275455931978,4.593143918373932
AGAAGTACAAGTACCT-1,-4.055193700862907,7.304191756131171
AGAAGTACACACCTGG-1,-3.5050373523429994,-4.158904465024736
AGACAAACAAAGAACT-1,-3.419703359338953,-4.067868939048655
AGACAAATCCGGCAGT-1,13.269183144282232,-19.314818376184864
AGACACTCATGAGATA-1,-2.566431371206149,0.656983574427817
AGACACTGTACAGAGC-1,-4.4047851809440095,-2.3636785771479003
AGACCATCACCTGCGA-1,0.7177993894235637,4.348712629758705
AGACCCGAGCAACCAG-1,-1.9657959851622924,2.5556312900462097
AGACCCGCACGTCATA-1,13.516983647526516,-18.985340518623673
AGACCCGTCGCCTTTG-1,-4.28743420736034,-3.0355275521891247
AGACTCATCATTACTC-1,0.714144631561424,-10.782075590012825
AGAGAATAGAGGTGCT-1,-2.5161609168469927,-4.2830361488955875
AGAGAATAGCAACCAG-1,-3.7636487505589216,4.344858901153793
AGAGAGCAGGTCATAA-1,-1.2498449307164265,5.882684591026067
AGAGAGCCACGACAGA-1,0.47085898588146996,4.134458481898121
AGAGAGCGTTACCCAA-1,13.047427973838106,-18.916732847673178
AGAGCAGTCTCACTCG-1,2.0862377225747886,4.129425710133399
AGAGCCCAGGTCGAGT-1,-2.500698120406988,-4.3530290625558274
AGAGCCCTCCTACCGT-1,-3.563773739601006,3.0253675609660053
AGATCCAGTCGTGTTA-1,-3.417322436308885,5.2152638602281955
AGATGAATCTCCGTGT-1,-4.231256788518015,7.682664975704512
AGATGCTAGGTTGAGC-1,-3.5653583585572974,2.8785616401147713
AGATGCTAGTTAACGA-1,-0.946426513325126,-10.292761090167637
AGATGCTTCAGCGCAC-1,11.560844156566272,-17.396724704700397
AGCATCAAGTTAACGA-1,-4.534940845629388,-2.6538900947730277
AGCCAATCAAATCAAG-1,-3.160299684129584,0.8088355301520088
AGCCAATCACTTCATT-1,13.460824601964847,-19.426281239897587
AGCCACGAGGTACCTT-1,-4.091705781529301,7.589921857261058
AGCCACGGTATTAAGG-1,-3.2972095918716624,2.561852932712121
AGCCAGCTCCACAAGT-1,11.232845905564263,-19.58371133824481
AGCGCTGGTGTAAACA-1,-3.5814976918577317,0.9208230810176729
AGCGTATGTCTGGTTA-1,-3.3892566743320844,4.16077916237979
AGCGTCGCACCTCTGT-1,-2.690449857801868,5.075688364722095
AGCTACAAGCATAGGC-1,-2.8003681065075505,0.6571453466411614
AGCTACAGTAACTTCG-1,-2.2577233521802316,-0.023981147297058032
AGCTTCCTCTCCCATG-1,-1.4280185119430502,1.1458381365515242
AGGAAATAGTCTAGCT-1,-3.5062029922225,-2.2330823004226485
AGGAAATTCGTCTAAG-1,-4.573139313485379,-2.722538874170849
AGGAATATCTTGCAGA-1,-0.9677144895408156,5.885734765457962
AGGACTTCATTGACAC-1,1.5856351527632215,4.34924490497791
AGGACTTGTAGTCTTG-1,-2.444674371950085,5.62506106402548
AGGAGGTCAAATGAGT-1,-1.04843411538559,-9.988121408145652
AGGATAAAGCTAGTTC-1,-0.965105730837593,-9.835535246508687
AGGCATTCAGCCCACA-1,12.6802971676815,-17.125336422670077
AGGGAGTTCGCCACTT-1,10.934116937901269,-19.317193450390402
AGGGCCTGTAACGATA-1,-2.290160662749089,-4.39855466898255
AGGGCTCCAGTTGAAA-1,-2.187074173880497,-3.6022692787601587
AGGGCTCGTATCACCA-1,-2.986654860335721,1.416648416400551
AGGGCTCGTGAAAGTT-1,12.730202686409706,-19.342835185811737
AGGGCTCTCGGTCGGT-1,-0.7043954405944208,3.3359055338914865
AGGGTCCTCGGTGTAT-1,-0.658101160643703,1.0087924518733935
AGGGTCCTCTGACCCT-1,-3.670136502384898,-3.7235858247627864
AGGGTTTGTCATCGGC-1,-2.1331934190093236,5.337753480713091
AGGGTTTTCCTACGGG-1,11.73467859664878,-19.647953317656885
AGGTAGGAGGCAGTCA-1,-3.228102607234541,5.1439664499736955
AGGTAGGCATGTGGCC-1,-1.430172666083782,7.294536669293416
AGGTCATTCCGTGTGG-1,0.6949979576649127,4.2668571846169865
AGGTCATTCTTAGCAG-1,-3.1033003898990716,4.175510888852614
AGGTCTAAGGCAATGC-1,0.749355747140666,2.773510010871523
AGGTGTTCAACCCTCT-1,-0.6403952094794432,-10.699861821160042
AGGTGTTTCATGAGGG-1,-1.6771165894806488,0.053128706313987084
AGGTTACCAATGCAAA-1,-3.052842552480893,-4.491892588120576
AGGTTGTCAGCGTACC-1,-0.9930902053639186,-9.935000636315895
AGGTTGTGTCCCTCAT-1,-3.957181609835154,-3.662537173173214
AGTAACCAGTTATGGA-1,-2.653184319704799,-1.59905072764525
AGTAACCGTCACTTAG-1,-1.7030511055809343,-3.569384722837931
AGTACCATCGGACTTA-1,1.1245421109220122,-10.12116369434519
AGTACTGGTGGAAGTC-1,-3.481672895664247,3.3552827435635537
AGTAGTCTCAGCTAGT-1,0.34021189026924636,-10.811890112225978
AGTCAACCACGCTGCA-1,-3.646546562227963,-4.398428738395047
AGTCAACGTACCTGTA-1,12.2674306203178,-20.121044972013596
AGTCAACTCAAAGGTA-1,1.0762654931217626,-9.442745581118976
AGTCAACTCTGGTCAA-1,-3.254229886946117,6.43420614961219
AGTCACAAGTGGTTCT-1,0.08358258420030165,1.1235263826283677
AGTCTCCGTCATAACC-1,-1.6536789702647665,5.7563490498859
AGTCTCCTCAGCTTCC-1,-2.1563677300589656,0.558041396136051
AGTGTTGAGAGCCATG-1,-0.7321383167520503,6.9528645116979675
AGTGTTGAGTACTGTC-1,-4.158218417937082,-2.9177908987492973
AGTGTTGGTATTCCTT-1,-3.705614006938121,2.6501924187717467
AGTTCCCAGATCCGAG-1,13.01588261168448,-19.897581134264076
AGTTCCCCAATGGCCC-1,-4.340440124036726,-2.2730494271547284
ATACCGAGTTCTCACC-1,12.897498944817325,-19.79867154870791
ATACCGATCCTGGCTT-1,-1.1364243234220757,0.568212054384373
ATACCTTTCGTAGTGT-1,0.3182457607831418,2.810993053566008
ATACTTCCAAGCCATT-1,-0.0036238555182562995,1.7126697640201762
ATACTTCGTCTAGGTT-1,-2.4863152283076775,-4.140821458716315
ATACTTCGTGTTACTG-1,-3.0164252554888153,0.5455212163258878
ATACTTCTCACTTGTT-1,0.7178704372244508,-10.170992688658409
ATACTTCTCGTCTACC-1,0.9048265514072413,-9.146064793111526
ATAGACCGTAGCGTTT-1,-2.7593018684134827,5.278145147836844
ATAGACCGTGACAACG-1,12.694218998813607,-17.118090726231227
ATAGAGATCTCATTTG-1,-0.41271671030372076,5.794853313453909
ATATCCTAGCAGCCCT-1,0.02524373485147125,1.5860809280223858
ATATCCTCACGACGAA-1,11.679714101296025,-20.18131976903761
ATATCCTTCGTTGCCT-1,0.5459564556567332,3.421434971551935
ATCACAGCAATGAACA-1,-1.063373881699807,7.043123918597488
ATCACGAAGTCATCGT-1,-4.429797227364978,-2.8751693077655918
ATCACGAGTGTGTGTT-1,0.7094136333754597,-10.601715654551892
ATCACGATCATTCTTG-1,-2.351879767969274,4.750855463049688
ATCATTCAGCAGCCTC-1,-2.022045569920118,0.1917806259960869
ATCATTCTCTCGCTTG-1,-3.873194609634974,-3.600782773407027
ATCATTCTCTGTTCAT-1,-0.8386713549176456,6.006615893279248
ATCCACCGTGACAGCA-1,-1.660208823418431,0.1622451308887157
ATCCATTAGCGGTAGT-1,-2.559290220106279,-4.226998790418996
ATCCCTGAGGGACCAT-1,12.63866448926006,-19.409814763345423
ATCCCTGCACAAGCCC-1,-3.505781229402601,-3.8592373058978584
ATCCCTGGTACAGTAA-1,-1.5218607821766554,7.187173376200031
ATCCTATAGGTGCCTC-1,10.140517430439601,-17.686534574722224
ATCGATGAGCGATGAC-1,1.052857452259269,-9.877396902298532
ATCGATGTCGCTCTCA-1,-0.37102747840883377,-9.403398954191088
ATCGCCTTCTTAGCAG-1,1.0943769625666284,2.948828623649176
ATCGGATAGTAGCAAT-1,-1.0182279434380916,1.0235383173329664
ATCGGATGTCTCGCGA-1,-2.746296287278232,6.180916857313743
ATCGGATGTGAAAGTT-1,-2.71873384829909,-1.7541976439133566
ATCGGCGGTTCAGGTT-1,-3.018493851572917,3.3121294439025974
ATCGTCCCAGTGCGCT-1,1.5354507043550494,3.136106303929079
ATCGTCCGTGAGACCA-1,-0.2088112688159266,1.085582782754514
ATCGTGAAGAGGGTGG-1,12.842833174366755,-17.44600677787748
ATCGTGACAGCACACC-1,11.866774501026423,-17.786278558079836
ATCGTGATCGAATGCT-1,0.8249788035514416,-9.4675206955363
ATCTTCATCCTGTAGA-1,-2.4086873342460704,6.9721638883135455
ATCTTCATCCTTGACC-1,0.34960975353638885,-10.17639434592447
ATGAAAGCATCGCTAA-1,-3.6823841680560117,5.0668144252214855
ATGAAAGGTATGACAA-1,-0.6895341175806949,-10.134065063094397
ATGAGTCGTTTACTTC-1,2.4229060367496347,3.175847150467307
ATGAGTCTCACTGAAC-1,0.2871875079740065,6.089412931231843
ATGATCGTCTCACGAA-1,-1.7612711262468208,7.076338625820106
ATGCATGAGCCTCCAG-1,-0.6300203009814987,-9.86142354877052
ATGCATGTCAACTCTT-1,-2.337166272710795,1.7066509290123386
ATGGGAGCAAATTGCC-1,-0.8364923479312091,-9.215756659165601
ATGGGTTCATATGCGT-1,-4.5312698246894225,-2.4019383726063106
ATGGGTTGTAGGTTTC-1,-2.775189640155315,0.5306179182838737
ATGGGTTGTATTCCGA-1,-2.385463668829149,5.72267261505776
ATGTCCCCACGATAGG-1,0.6950688689926385,3.06104817316955
ATGTCCCGTGGCTACC-1,-2.482813320411509,4.937030139838983
ATGTCCCGTTCACGAT-1,11.793390150837304,-17.63263308483404
ATGTCCCTCATAGCAC-1,-3.2366402028179664,6.549924145561618
ATGTCTTAGGAAGTGA-1,-3.282339905154106,-4.487393848124442
ATGTCTTTCTCACTCG-1,-0.7380498292798165,5.9850844132138254
ATTACCTCAAGTGGAC-1,-2.4151919943733366,-1.0705711542628975
ATTACCTCAGATGCGA-1,12.337882755472789,-19.893248495505905
ATTACTCGTGATGTAA-1,-3.458204925225264,4.543255107716841
ATTATCCTCCGGCAGT-1,1.4270007594442369,-9.552292248586175
ATTCAGGAGTTCATGC-1,-2.1542157469466607,5.750504214803633
ATTCAGGGTCTTTATC-1,-0.6821484571001812,6.75679839254076
ATTCAGGTCATTTGTC-1,0.8380468111782636,-9.664478672559234
ATTCATCTCCTAGCCT-1,-4.299409189541399,7.674790112158298
ATTCATCTCGGCTTGG-1,1.9654036701168276,4.096919068090882
ATTCCATAGACATAAC-1,-2.847980822817804,5.768779613529265
ATTCCTAAGAAATGGG-1,-4.615516454637055,-2.634137956554125
ATTCCTAAGATGGCGT-1,-1.3632704615922056,5.33530870983853
ATTCCTAAGTCTCTGA-1,-2.664725106136799,0.827212351161852
ATTCGTTTCCAGTTCC-1,-2.9149973063119825,3.0485709680811635
ATTCTTGAGGGAGGTG-1,1.8007031517264918,4.134024128118928
ATTCTTGCATTGCAAC-1,13.271258332886958,-18.673066791244555
ATTCTTGGTGCTTCAA-1,-0.19249055273399168,-10.448405874606443
ATTCTTGTCGTTGTAG-1,-3.4710283141277665,4.897172310451479
ATTGTTCCAGTAACCT-1,-2.6518180437576913,3.8233115733342635
ATTTCTGGTTTGGGAG-1,-0.8010761787949799,1.586858785950803
CAAAGAAAGACGATAT-1,-1.3094234850280073,1.7064701433984382
CAAAGAACACACACGC-1,1.221368134129882,-10.07557184185925
CAAAGAAGTGTCCGGT-1,-3.266478091368195,1.2413806052486538
CAACCAAGTAGACGTG-1,-0.1942812279856637,-10.858460611446434
CAAGACTGTAGTCGGA-1,-1.865923568338026,6.940167682687306
CAAGAGGCACGCAGTC-1,12.803066245016183,-19.94822900315914
CAAGAGGGTTGTTGCA-1,-2.2025675428041227,6.525881725508752
CAAGGGACAGTAGATA-1,-0.27057916600022625,-11.030397298310847
CAATACGTCTTTACAC-1,-2.1642999497565834,3.6410349619402975
CAATCGATCCGATGCG-1,-3.1658652692425484,0.5716212921692685
CAATGACAGTGGCAGT-1,-0.769393183674738,-9.59726227320734
CAATGACGTGGATCGA-1,-1.1777896693942262,7.070035441967787
CAATGACTCAACGCTA-1,-3.230260824720415,4.666679742779771
CAATTTCAGTCACAGG-1,-0.9241843258223387,6.221123075473591
CAATTTCAGTGGACTG-1,0.46624790315638004,3.160679236754145
CAATTTCTCCTAAACG-1,-1.5568726773716308,-3.2660860013256268
CAATTTCTCGACATTG-1,0.9307908129961463,-9.6732722685409
CACAACAAGCGCACAA-1,1.3908604400955966,3.9696462568945314
CACAACAGTCCGATCG-1,-3.3219092263484082,4.356464727265334
CACACAACAGAGGCTA-1,-3.0788593018730572,-4.348525063052177
CACACAAGTTGAGGAC-1,0.07025863555093327,-10.831935726456996
CACAGATCAGGAAGTC-1,-1.615284697706302,6.528802039891119
CACAGATGTGAGAACC-1,-2.4458313796034763,5.611664757500094
CACATGAAGAGCCGTA-1,-2.5542172369647664,-4.067246630572555
CACCAAAGTACGGCAA-1,-3.4801602368356286,-2.0626469965077083
CACCGTTCAGGACATG-1,-2.7187330520896738,5.33695527402401
CACGAATGTCTTTCAT-1,0.11741444206491204,-10.420594614082358
CACGGGTAGAATGTTG-1,-0.8764749108053517,-9.787097698376101
CACGTGGTCCCGAGGT-1,-3.4794559258839777,-3.7831975181594943
CACTAAGCAGGTCTCG-1,-3.1659146001624037,4.157648515362254
CACTAAGTCCCTCATG-1,-2.1700051820580626,5.2446411156130655
CACTGAAAGCAGTACG-1,-4.4427391554585896,-3.007111545826106
CACTGAATCAATCCAG-1,-0.5991709229429854,6.487824786902253
CACTGGGTCCTTCACG-1,-4.208583337830652,7.669564211602398
CACTGTCAGCCGTCGT-1,-1.3910266369299509,7.1556698304722035
CACTGTCAGTCACGCC-1,-1.7300495336041701,1.0271531491930421
CACTTCGAGCGAACTG-1,-3.3366937755727015,-4.381698624439341
CACTTCGGTAATCAAG-1,-0.24115001628292237,1.7671500604970223
CACTTCGTCGGTCTGG-1,-2.1577290887871348,1.766982373441828
CAGAGCCGTAGCTTAC-1,-3.9318748365065748,-2.3514944508929427
CAGAGCCGTCCGTACG-1,-3.2859093263209225,2.1018074136113682
CAGAGCCGTCTCGCGA-1,-2.686966585933475,-0.9070544649942588
CAGAGCCGTCTTTCAT-1,-3.385377971401501,-1.5438440681055219
CAGATACCATCGGCCA-1,11.720599294752715,-19.316911724598736
CAGATACGTATGTCAC-1,13.157634697034013,-18.814479133509085
CAGATCAAGGCCTAAG-1,0.8857754524113102,-9.860946304880587
CAGATCAGTTTACTTC-1,12.219480467059933,-19.907673521578726
CAGATTGAGCATGAAT-1,-2.023717588710661,3.374055653164438
CAGATTGTCCAACCAA-1,0.46125651682841984,4.503187691374795
CAGCAATTCCATGATG-1,-3.609636066202835,3.7572963582870913
CAGCACGAGACATATG-1,0.08964724345719609,-10.749094584461282
CAGCACGAGTGATAGT-1,-2.9601629717812292,-0.4528726768216951
CAGCACGGTAGTGATA-1,-3.375012137180013,-1.6712823599924955
CAGCACGGTCAGGAGT-1,-1.9406810346871741,-3.7326030236977195
CAGCCAGAGTGGATTA-1,-3.379526671788193,5.292456852735928
CAGCCAGCATGTGCTA-1,-2.2694100839509246,0.5349683400738748
CAGCGTGAGAGCCTGA-1,-2.1316647667945023,-3.9509158172581174
CAGCGTGGTGGGCTTC-1,11.999197556532959,-20.175585925727546
CAGGGCTAGTCGGCAA-1,-3.8180037920786583,4.025865577935328
CAGGGCTGTAACAGTA-1,-4.494722765285174,-2.5394997407955997
CAGGGCTGTCGTCAGC-1,13.569935867535188,-19.328069339893567
CAGGGCTTCTGTCTCG-1,-1.5540532602453814,5.64089848506071
CAGGTATCAACACGTT-1,-1.8604202016120093,5.542420848962157
CAGGTATCAGCTGTAT-1,13.07401985693292,-18.999508155792185
CAGTTAGTCACCATCC-1,-2.6818450034159205,-0.3217583273292368
CAGTTCCAGACCCTTA-1,0.08852647787776718,-10.977284650596982
CAGTTCCGTTATGGTC-1,-2.463990237749548,-4.4627878049826935
CAGTTCCTCATGAGTC-1,-0.10041096245901884,-10.622195499136494
CATAAGCGTCCCGGTA-1,-0.4884786044729021,-11.026728183771027
CATAAGCTCTATCGTT-1,-3.0165816907469045,3.3561929015405716
CATACCCTCCCTCTCC-1,1.0918716433994564,2.8015303028272434
CATACTTAGACATCAA-1,-2.2134390746134502,0.6390954722905136
CATACTTAGGTTACAA-1,1.3103499132021876,-9.48720733496294
CATAGACCACTCTAGA-1,-2.2296681133637195,-4.23443941870329
CATCAAGCACCTGCTT-1,0.9015472580914815,-9.900563219016998
CATCAAGCAGAGAGGG-1,-3.9834597872135884,4.704583388502302
CATCCACCACCGCTGA-1,0.319258354636492,6.000087867856565
CATCCACGTCATAGTC-1,-1.2368957697813099,7.080271197495078
CATCCCACAGTTGAAA-1,2.1999054265087343,3.867384895182591
CATCCGTTCCTACTGC-1,-2.5991330071475094,-4.267924788909505
CATCGCTCACGACTAT-1,-3.2367519106260447,-3.9576808049045717
CATCGCTCATCGTGGC-1,11.410020002556129,-18.951634884007568
CATGAGTGTCGAAGCA-1,-1.5120902375864511,1.8437008034312437
CATGAGTTCCAACTAG-1,-1.7845724034694337,1.259752286833111
CATGCAACAGAGATGC-1,-2.3951652277392617,-4.4880861006700465
CATGCAAGTGCATCTA-1,12.099275925121466,-19.451375758085728
CATGCCTCAACTCCCT-1,0.9379379715369053,4.051250351992154
CATGCCTCACTGGATT-1,-3.6712011320340037,2.737230808355624
CATGCTCGTGTGTGTT-1,-4.324532865911037,-2.7341001324588
CATGGATTCCGAGTGC-1,-1.2661431457712373,6.699208063162091
CATTCATAGTCAGCGA-1,2.163614243779524,3.7584449588193887
CATTCCGCAGTGGTGA-1,-2.1592008035221113,2.373885682316909
CATTCCGCAGTTACCA-1,2.34765104853669,3.364859356995853
CATTCCGGTTCCGCGA-1,-1.5140591636040048,7.136132111996633
CATTCTACAAGCGAGT-1,-3.489446664778716,-4.054704763330999
CATTGAGAGGGAGAAT-1,-1.6100163378352703,2.7602981312288106
CATTGCCCATTAAAGG-1,13.46395577456959,-19.492356712892644
CATTGTTAGAAATTCG-1,-1.426694338416085,6.983188623973029
CATTGTTCAGCCCAGT-1,-3.966663949783993,-2.187281033283379
CATTTCACAACACGTT-1,1.1950150683576573,3.0723069743402833
CATTTCATCCATGAGT-1,-2.489086793538221,3.5584561478801398
CCAATGAGTAAGGTCG-1,-3.0256908760932624,-4.476466002210729
CCACAAAGTACACGTT-1,1.3501272217092384,-9.705847569568313
CCACAAATCCGGCTTT-1,1.032944399918231,3.1490459681603356
CCACACTCAATTGGTC-1,-0.28391155849591687,3.3917360736726683
CCACGAGAGACCATAA-1,11.958769183660378,-17.959566547186025
CCACGTTAGGTAGATT-1,0.16171914535786955,3.8492839112244344
CCATAAGCAACAAGTA-1,0.6198546404745283,-9.803479907516378
CCATCACTCAGGAAGC-1,12.55096267035333,-19.251633164768105
CCCAACTAGCCTATCA-1,-1.8628702894145843,-3.686067683336372
CCCGAAGGTCATAGTC-1,-2.271463125890983,1.3425688608383737
CCCGGAAAGTTGAAGT-1,-1.275034090915489,2.4640243118466323
CCCGGAACATAAGCGG-1,12.31784033871089,-19.89203505397078
CCCGGAATCGGCTGTG-1,-3.107133174927211,-4.398188017248561
CCCTCAATCCCATAAG-1,-2.4075751570347994,1.0103047755484378
CCCTCTCGTGAGATAT-1,13.52913640376502,-17.781295072861585
CCCTCTCTCCGAGGCT-1,13.46741009219762,-18.83207730805679
CCCTCTCTCTTGTGCC-1,1.349886004864841,-9.379357866783419
CCCTGATAGAGGGTCT-1,13.560291381722381,-17.858266887677434
CCCTGATGTGGTATGG-1,-2.5666080210516786,0.6444915165037087
CCCTGATGTTAGTTCG-1,-2.9250029094657024,-1.2783648823453957
CCGAACGTCTGTTCAT-1,-3.4760543003372484,-4.15722405351479
CCGATCTTCGCGTGCA-1,-4.012726987459973,7.732741857443123
CCGATCTTCGTGCGAC-1,-3.0143273386556593,2.404955997613595
CCGATGGTCCGCGATG-1,-3.8873991594503656,6.6869916522751724
CCGATGGTCCTTACCG-1,-0.016458516867453508,2.355652378233344
CCGCAAGGTGTTGATC-1,-3.446894900067996,-1.7934170070416369
CCGGACAGTCCAAATC-1,-0.3922454303651333,6.010933549067425
CCGGGTAAGAGAGGGC-1,-1.0712332891394112,-10.14041117903699
CCGGGTAAGTCATCGT-1,-0.6659498801431333,6.70757926832758
CCGGTAGAGCTTTCTT-1,12.866129781534772,-19.0826530118343
CCGGTAGAGGTAGACC-1,13.051164006363944,-18.2188274880667
CCGGTAGCAGTTGAAA-1,1.5988188727937438,4.347732693743248
CCGGTGACACGAGGTA-1,-1.9347233225099347,4.623648003544638
CCGGTGATCAGGTGTT-1,1.3169307249384543,2.6511982959922418
CCGTAGGCACACGGTC-1,-4.166753596768059,7.6972025990899695
CCGTTCACATTGCTGA-1,12.586445838388668,-18.66798552732584
CCTAACCGTCGTTTCC-1,0.8591032234566967,-9.1981141361614
CCTAAGAAGAGTGAAG-1,-0.9718884129870042,-9.936465017293322
CCTCACAGTACGGCAA-1,0.5910728376538189,-10.606632893954634
CCTCACATCGTGTGGC-1,-1.8804156873247697,4.618176932255108
CCTCAGTGTCTCCCTA-1,-3.7582156766057615,6.989934835816724
CCTCAGTTCCACGGAC-1,-2.5613641694340354,2.6935919362671528
CCTCATGAGGTGGTTG-1,-2.3826567469021422,4.143874300874371
CCTCCAAGTCAAATCC-1,-3.3075843060901278,2.9604573263758933
CCTCCAATCGGCTGGT-1,0.6750128589022052,-9.574365079942888
CCTCTAGAGGGTTTCT-1,13.299227535149448,-19.73377392453224
CCTCTCCGTCGTACTA-1,10.536274626868318,-18.444176023948486
CCTCTCCGTGGCTCTG-1,-3.347621300182861,0.9566425959978995
CCTGCATGTAGTTACC-1,-0.6917385993977736,6.490097575259787
CCTTCAGTCCGCGATG-1,0.0031054782467304243,-9.840481472878778
CCTTGTGAGCTACTAC-1,1.360259788894502,4.636974072397479
CCTTGTGGTTCAACGT-1,0.9520660746414343,-10.475288987500013
CCTTTGGGTTCCGCAG-1,0.1874592251718849,1.8476514815963954
CGACAGCAGCCAAGGT-1,-2.704663769846495,-1.21035499482818
CGACAGCCAGCTTTGA-1,-0.6071511437235844,3.165214347270695
CGACAGCGTACATTGC-1,0.017687704047852394,-10.409105223800381
CGAGGAAAGAATCCCT-1,-2.1029792447835596,-0.35158586272678743
CGAGGCTTCCAAATGC-1,-3.4747226792417765,3.046208569874401
CGAGGCTTCCCATACC-1,11.911016143487494,-17.503954367932078
CGAGTGCAGTCTTGGT-1,-1.9897769295455383,-3.7179537928534554
CGAGTTATCAGCTTGA-1,-2.351407094824505,1.8346573971328153
CGAGTTATCCGGTTCT-1,0.08911623567421874,-9.752191679628796
CGATCGGAGACTTCAC-1,11.256089843650251,-19.191648543700655
CGATGGCGTGGAAATT-1,-3.7501640836297176,4.577033290058954
CGCAGGTCACCGGTCA-1,-3.907857187684237,7.20430969399397
CGCATGGCACCCTAGG-1,13.32498990031966,-19.738097564519908
CGCCAGATCAATCTCT-1,-4.170073219052487,7.710089478128814
CGCCATTAGCTCGGCT-1,-3.2339751604322315,-3.708248562920674
CGCGTGAAGTGGATTA-1,1.6302429551260689,2.905680671008902
CGCGTGACACCCAAGC-1,-1.1364310722190922,6.078300514790714
CGCGTGACACCGGCTA-1,-3.6304451157194837,-4.148452620844022
CGGACACGTCCTGTTC-1,-2.732896677382401,-1.736460542216863
CGGACACGTGTCATCA-1,12.901384479022779,-17.815559058020106
CGGAGAAGTCGATTTG-1,0.09392771127744054,1.9389113987385111
CGGGACTAGGAAGTAG-1,-3.4830254633252027,1.798146256377152
CGGGCATTCCCGTGTT-1,1.0935433065235172,4.364471095160561
CGGGCATTCTAGCCAA-1,-1.9280336241298537,1.4608282866806876
CGGGTCATCAGCATTG-1,-3.340438747582304,-0.3144682631703104
CGGGTCATCCGGCAAC-1,-3.2035097455696455,-4.281467388809784
CGGTCAGCAAACCACT-1,-2.615702985022828,3.1851666215856302
CGTAAGTGTAAGACCG-1,-3.3745143460495117,-4.517741580413914
CGTCCATCAGCATACT-1,-0.6624902330201592,1.4067541926625777
CGTCCATGTAGTGCGA-1,1.214305730718124,4.253169895675869
CGTCCATTCCTCAGAA-1,-2.504044920865302,-4.327936903416086
CGTGAATCAAGGGTCA-1,-0.8456417923815887,5.565919137981751
CGTGCTTCAGGTGAGT-1,-2.266016000915113,-1.3600453826683425
CGTGCTTGTGGGAGAG-1,-3.037166081163051,-0.8135122550279392
CGTTAGAGTATTTCGG-1,-2.9993791802351195,1.6911189061469554
CGTTCTGAGCAGCCTC-1,12.462450153292977,-20.009050537180194
CGTTCTGGTGATTAGA-1,-2.6081120191784954,0.15338363717464323
CGTTCTGTCGCTTAAG-1,-0.3149085469319563,-10.552208405269717
CGTTCTGTCTGCAGCG-1,-1.0428836670254815,7.0907669007546446
CGTTGGGAGCTCGTGC-1,10.657715827237201,-18.55794863749749
CGTTGGGCACGCAAAG-1,-4.502339817499258,-2.484491443588397
CTAACCCCATTCAGCA-1,-0.5422826956278849,2.398949298785175
CTAACCCTCCGTAGGC-1,0.5394091558574197,-9.621626964546298
CTACAGACACACGCCA-1,-1.4729097917628635,7.121889539906863
CTACCCACACATGTTG-1,12.746266198943909,-17.181504675336306
CTACCCATCTCTAGGA-1,-0.38753406464587037,1.0959228110078294
CTACCTGAGTGGAAGA-1,-1.1551470701945628,3.1186057542429992
CTACCTGCAAAGGGCT-1,11.639320840994284,-20.232922333999372
CTACCTGTCCGTTTCG-1,-0.14614758033413736,6.463552921533747
CTACTATAGTCGTCTA-1,-3.9281514431461724,-2.3415818379380244
CTACTATTCCGCAAAT-1,-2.2112769794926264,3.0037992295686786
CTAGACAAGTGCGTCC-1,-3.0455389013318466,0.38488646240051133
CTAGACAAGTGGTTAA-1,-3.2368103965749224,4.402759196550104
CTAGGTACATGAAGCG-1,-2.7035847082791493,3.43775623014922
CTATCCGTCCTCTCTT-1,-2.2416308601134163,4.6431949131232235
CTATCTATCCTGTAAG-1,0.2753589163217608,-10.960411908109885
CTCAACCCACATTCGA-1,0.35082309958853414,-9.416758507733165
CTCAACCGTCGTGTTA-1,13.610551908632027,-19.399028243015053
CTCAACCTCCTCTAGC-1,0.4838157650785931,1.1650403130362177
CTCAAGAAGTGGATTA-1,13.23657551021815,-19.795359598008137
CTCAAGACAAATCAGA-1,-1.8117073516931483,-0.28647232967788266
CTCAAGAGTCACGACC-1,-4.184181402230294,7.635575780141677
CTCAATTTCCTATTGT-1,13.157797357312468,-18.855541022221924
CTCAGAACAACACACT-1,13.163032554174656,-19.92627758743897
CTCAGAATCGTTGTAG-1,-2.68961812108828,5.971028638263965
CTCAGGGAGGTGCCAA-1,-3.0497573316946776,-4.148113253988832
CTCAGGGTCACTCGAA-1,1.1547868957493679,-9.325100491660937
CTCAGTCTCTGTCGCT-1,-0.6510649554751813,-9.769285351147653
CTCATCGCAGTCAGCC-1,-2.772392385309217,0.8265678546149504
CTCATGCAGTCTGTAC-1,-1.666507699992841,6.193641362798648
CTCATTAAGGGACTGT-1,12.501902331347079,-18.70816223142444
CTCCAACTCCGATTAG-1,-1.880960522853013,-0.9359560959871219
CTCCCAACAATGTCTG-1,-3.1814912790482666,3.3715289959830685
CTCCCAACACTTCAGA-1,-2.609523710628538,6.4012025123102765
CTCCCTCCACATATGC-1,0.890803469448195,2.9316142749255065
CTCCCTCTCGGCAGTC-1,-2.599412374730513,4.689972655344377
CTCCGATTCTTCCACG-1,-2.848918488897647,6.720915098438366
CTCCTCCCAGAGACTG-1,-2.0370693328060767,5.007701258564409
CTCCTTTGTATGACAA-1,-2.4376579258957536,3.368862490942334
CTCGAGGCAAATTGGA-1,0.5774066569057319,-10.813275528709552
CTCTCAGCAAGTCATC-1,10.59724163141973,-18.48067114881782
CTCTCAGCAGCTTCGG-1,-1.5555967242052908,7.16250668723949
CTCTCGAAGGCCACTC-1,11.739642243773615,-19.444684728112207
CTCTGGTGTGAGGAAA-1,12.793819042238395,-20.05746960202982
CTGAATGCAGGAAGTC-1,0.6424318504806009,3.7728000243949094
CTGAGGCTCGGACGTC-1,-2.994948998206336,5.508906932939711
CTGATCCAGCCGTTGC-1,-2.929512431345658,4.904544963155597
CTGCAGGAGAAGTCCG-1,-3.184519309362687,5.149731031145202
CTGCATCTCAGCTAGT-1,-4.362696588755252,7.756083072436886
CTGCCATAGAAGCGAA-1,-0.7939242507699941,0.5009765820885311
CTGCCATAGAGTATAC-1,-1.1308741480153923,3.2882132359839606
CTGCCATAGTGGATAT-1,0.03731435274974244,1.7124423046528359
CTGCCTAAGATGCAGC-1,-3.782933744811399,-3.5691175747551496
CTGCCTAAGGGTCTTT-1,-0.1459944653901611,1.6877356860829487
CTGCGAGAGAGGGTAA-1,-0.8196410055522457,-10.538952813107944
CTGCTCAGTTAATGAG-1,-3.3977104485540526,2.3879926056255556
CTGCTCATCACACGAT-1,-2.3905779371350375,4.035960881907453
CTGGCAGAGCGGTAAC-1,-3.5594592312792805,1.363093594851447
CTGGTCTAGTCGGGAT-1,-1.4967239198643956,7.27527808899554
CTGGTCTTCTAGAGCT-1,-3.225172348228615,6.739081054152434
CTGTACCGTGACACGA-1,-2.9959625935479357,-0.7242614380667068
CTGTAGATCACCGGTG-1,-3.2633520324033136,2.76364084426365
CTGTCGTCACTCGATA-1,-3.7345579998572926,4.358856977478797
CTGTCGTCAGTTCCAA-1,-1.7065330574821413,-0.47058631581742616
CTGTCGTGTTGCCGAC-1,-2.948308105437675,-1.0035762647891187
CTGTCGTTCGTCTAAG-1,-3.1059707047731764,4.156557710889657
CTGTGAAAGCTCATAC-1,-2.5071528462436885,1.0433383305518913
CTTACCGCACGCTGCA-1,0.5994547980906766,-9.246194743148617
CTTAGGATCACAAGGG-1,1.938788365299146,3.082569988782973
CTTCAATGTCTCGACG-1,1.329477043197029,-10.118224781659656
CTTCCGAGTCATTCCC-1,12.164110803982151,-19.70259542953805
CTTCCGATCGAAGGAC-1,-3.577861616356525,-4.143394380591156
CTTCCGATCGCGGACT-1,-1.7264459193028925,5.9265652832845985
CTTCCGATCGCTGTTC-1,13.455468684569897,-19.560782824929763
CTTCCGATCTTCCGTG-1,11.364854850404958,-19.036574898242467
CTTCGGTTCAGTGTCA-1,0.6564401269250069,3.3243264319667114
CTTCTAACACACCAGC-1,-1.114138732062064,0.007931392691371513
CTTCTCTGTCCGATCG-1,13.192509992858122,-19.386515872598594
CTTGAGACATGACGTT-1,-1.4336034817148118,7.133281639946971
CTTGAGAGTTACACTG-1,0.5417661539396234,2.694432875825821
CTTGATTGTTCTATCT-1,12.380867962227416,-20.020538885755638
CTTTCAAAGATGAACT-1,-1.3038771973103491,-0.14787421877480372
CTTTCAAAGATTTGCC-1,-2.3925835117562753,7.043040163741428
CTTTCAAGTGACTGTT-1,-2.629696895512665,-1.7714336656005114
CTTTCGGAGCTGCGAA-1,13.54255902190175,-17.769676655538255
GAAACCTAGGGAGAAT-1,-3.4444347912564584,6.210173665180936
GAAATGAGTGGAAGTC-1,-3.7226899112594443,2.240869469751134
GAAATGATCGATGCTA-1,0.5467799087025544,-9.599119582361247
GAACTGTGTTCTATCT-1,-0.4015712932494439,-10.71236676507525
GAACTGTGTTGGAGGT-1,0.04344623814420611,6.404443158771937
GAACTGTTCTGGTGCG-1,-3.8034544328328828,3.873502464053807
GAAGAATGTATCGCGC-1,11.72877355027308,-17.54209844385655
GAAGCCCAGGCACTCC-1,-0.07857834636840033,-9.914697059813324
GAAGCGACAGCGACAA-1,-3.451831957129078,6.465761321429792
GAAGGACCAACGACAG-1,13.57141435115051,-19.021434197301076
GAAGGGTAGCGAGGAG-1,-2.6428916340557715,-1.2921283509764956
GAAGTAAGTTCACGAT-1,13.023422803591933,-20.032619438941108
GAATCACGTCCGACGT-1,-2.638380584821493,-0.39163477383449535
GACACGCTCACATTGG-1,-4.136723644091321,-2.9687066427131
GACAGCCCACCATTCC-1,0.979185739007269,-10.003489876423647
GACAGCCTCAGAATAG-1,-3.467195239278239,1.0354591174535905
GACAGCCTCCTGGCTT-1,-3.276596658387627,3.4074199094733286
GACATCAAGCTACTGT-1,-2.7941789997653674,2.930737781920582
GACCAATAGTGCAAAT-1,12.600212209647689,-19.674548606277707
GACCAATTCGCGAAGA-1,-3.180495393957185,0.7697844628533731
GACCCTTCAATCGAAA-1,-0.9754400306254823,-10.10236800410435
GACCCTTCAGAGCTAG-1,13.44933724869335,-18.717256090173716
GACCCTTGTACGATCT-1,-2.6270873914349453,-1.2845186395644128
GACCCTTGTCGTCATA-1,12.700473459387686,-17.275544427579685
GACCCTTTCACTCACC-1,-2.2339333816785163,4.544369859995371
GACCGTGAGTACGTCT-1,-1.0952341651480966,1.2817431221798845
GACCGTGTCTGACGCG-1,-3.7623208220035727,-4.619417871513773
GACGTTATCAAGCTTG-1,13.562980280307153,-18.996451199354667
GACTCAAGTGATACCT-1,-3.7332457184195578,4.9525484816065095
GACTCTCAGCAAGGAA-1,-2.543567288246646,-1.3480627264588942
GACTCTCCATACAGCT-1,-2.4398573856685255,3.0706833195905108
GACTCTCCATGGGCAA-1,-0.39654952519089115,-9.279557802224591
GACTCTCGTTCTTGCC-1,13.123025811019337,-18.27447154803589
GACTGATAGGCGAACT-1,-0.8228623890562247,-9.993954102349159
GACTGATAGTGGCCTC-1,-3.710673280672335,-4.0528924258265455
GACTGATCAATGTCAC-1,-2.8343692076301363,4.1534696941806475
GACTGATCAATTCGTG-1,-0.3096157736268671,1.3121011077634581
GACTGATCAGTAGGAC-1,-4.62692407756031,-2.6242011030102343
GACTGATTCTCCTACG-1,10.990650495363745,-18.883886793701684
GACTTCCCATAATCGC-1,12.783951078704176,-17.117760333428542
GAGACCCGTACACGCC-1,-3.1412003473927648,2.3971418253595247
GAGCCTGGTAACTGCT-1,0.20514870486975015,1.8803674306855822
GAGCCTGGTTCTATCT-1,12.277422637017796,-19.49659654065523
GAGCCTGTCACTAGCA-1,-2.3503104217946045,6.909620734605702
GAGCTGCCACTTGGCG-1,-2.253215360512974,-4.21576428386699
GAGGCAACACTTGTGA-1,1.3239403293934573,4.2315440132408595
GAGGGTACAGTAACCT-1,-3.5583249124802867,0.9226575748030377
GAGGGTAGTCAGTTTG-1,0.5928118913907776,2.459531921901495
GAGTCATCAGTGACCC-1,-4.096519362829354,6.692930140301093
GAGTCTAAGCCGTCGT-1,-2.7487858648186867,-1.4170720867380702
GAGTCTAAGGCGAACT-1,-4.569004772115316,-2.46531283158497
GAGTCTACACTGGCCA-1,-0.35189172741533015,-10.727759805694681
GAGTGAGGTAAGGCCA-1,-2.5345719127549,0.6081352378729945
GAGTGAGTCGGCTTCT-1,12.7579018215878,-19.648778782983065
GAGTGTTCACGCGCTA-1,-2.6925032512760927,-3.8508293441289054
GAGTTACTCGTGCAGC-1,11.961173288273146,-19.25742978087306
GAGTTGTAGATCCTAC-1,-1.9842340158401943,6.062892845402849
GAGTTGTGTAGGTACG-1,-2.5743229779095307,5.559145543357758
GAGTTTGAGGGTACAC-1,-0.04132096523041805,2.927489496674439
GAGTTTGCATCAGTGT-1,1.7315983415829863,4.480752262160863
GATAGAAAGTAACAGT-1,-4.08778324775729,-2.774408712421258
GATAGAACAGATTTCG-1,12.15978200569998,-19.06129843922619
GATAGCTGTTGGCCTG-1,-0.1454538365204994,2.0583682169124433
GATAGCTTCCCGAGTG-1,12.410549625354848,-18.896723421988977
GATCACATCGAGAGCA-1,-2.5922379051380586,1.356981107235308
GATCAGTTCATGCCGG-1,1.0056517077723544,-9.523730862871608
GATCATGAGCTTGTGT-1,-2.65548174878467,-4.106065082300584
GATCATGCACTGATTG-1,13.001443147852731,-17.949395804346892
GATCATGTCAGCATTG-1,-3.6104083946230143,2.146825911191419
GATCCCTCAACGGCTC-1,-2.6581746515770512,4.105296299115321
GATCCCTCAATAGGAT-1,-2.218922974824792,2.5192280693827085
GATCCCTTCCAACTAG-1,12.715789601088412,-17.147159437145042
GATCGTAAGTACCGGA-1,-0.8048158974386014,-10.406743316109212
GATCGTACACTCAAGT-1,12.547945673288199,-19.947019492794148
GATCGTACAGTTCCAA-1,1.6354628883247486,3.507372359170664
GATGACTGTAGAATAC-1,-4.081150241132595,-2.481485211444529
GATGACTTCGCTTGAA-1,0.06928118964187441,-10.924704470203508
GATGAGGGTCAGTCTA-1,-0.949301311623524,-9.987522142069231
GATGATCCACCCGTAG-1,-1.5035653653762007,0.7807771315145324
GATGATCGTGTTCGAT-1,10.773563898668396,-18.63396746927804
GATGATCTCCCAGGAC-1,-4.328366687449059,-2.8404070320278727
GATGCTAAGTCTGGAG-1,-0.2349141352507144,-9.772470881909129
GATGCTATCCCGTAAA-1,-2.1644511959119304,2.755024519673338
GATGGAGCAGCAGGAT-1,-1.453944236790056,7.028638613477165
GATGGAGCATCCGAGC-1,-3.24283395973532,1.2410265115845538
GATGGAGCATCGAAGG-1,0.8034882425587064,4.332539444109012
GATGGAGCATCGGTTA-1,1.4006503008685163,-9.62541236469643
GATGTTGCATTACGGT-1,1.1862487329373697,-9.702859539965747
GATGTTGTCACCATGA-1,-3.9631072762926602,6.40520040215908
GATTCGAAGCTAAGTA-1,-2.2378946340023758,6.258242354504179
GATTCGATCATCCCGT-1,-0.8191043782031561,-9.00267462117915
GATTCGATCTTCTAAC-1,-2.3371820241546315,-4.38364578470647
GATTCTTAGTAGGGTC-1,-1.3903935027984533,2.3385931701547547
GATTTCTCAATAGAGT-1,13.060146922765787,-19.967088190143198
GATTTCTGTCACCGAC-1,11.915879498003461,-19.43810967046817
GATTTCTTCACCTCGT-1,0.1644514050729297,2.635830421505764
GCACATATCACTTGGA-1,13.45096325174278,-18.22704133494484
GCACGGTTCCAACTAG-1,-2.1332545209430616,5.281398706822644
GCACGTGCACCCAACG-1,-3.3898104075913036,3.585814889129994
GCACGTGCAGAGTTCT-1,-1.6411859589564435,1.4505624424248091
GCACGTGGTAAGATCA-1,-3.9041940409391502,6.708314849381914
GCACTAACACGTCATA-1,-2.8700018616737117,1.111007283425934
GCAGCTGTCATCGGGC-1,-0.417610394164713,4.345911261230143
GCAGTTACAATCGTCA-1,-3.3403995836997193,-4.3291828773594885
GCAGTTACAGCGTTGC-1,11.838644742104991,-20.18517973390159
GCAGTTACATGTGGTT-1,-3.08081650980291,3.7625177053793872
GCAGTTAGTAGGGAGG-1,-2.085592278400806,5.892306814979085
GCAGTTATCTCCCTAG-1,1.4487724906055002,3.0269723466664376
GCATCTCAGTGACACG-1,-3.3957022004689166,0.09697056974388103
GCATGATAGCAAATGT-1,-2.5650748740386695,6.147496203293177
GCATGATCACTGAGTT-1,-3.470246431264455,6.249267851510915
GCATGATGTTCCGCAG-1,0.5337963894463092,-10.885208468290397
GCATGATTCGCTGCGA-1,-4.0008491568504585,-2.3227255542516447
GCCAACGAGGATCATA-1,-0.7982236562375586,3.1859568583945888
GCCAACGGTCGTGATT-1,-3.7329744618931535,5.1467207609334995
GCCAACGGTTAAGACA-1,-3.2443676290119527,4.043399165282039
GCCAACGTCACTCACC-1,-2.181950158814609,-0.025154373993863523
GCCAACGTCCACAGCG-1,12.503251944965475,-19.417797841539
GCCAGTGAGCTTGTTG-1,0.585522815793481,-9.488189600220087
GCCATTCTCACAGTGT-1,-2.490010450859967,4.557410223519325
GCCATTCTCCGAACGC-1,11.343731725356609,-19.295226137795435
GCCATTCTCGGATACT-1,-0.9007133783076077,6.882257614042378
GCCCAGATCACCGACG-1,-0.8303305143394594,1.5672870206921767
GCCCAGATCTACTGCC-1,-1.239730800120311,0.09936285855243465
GCCCGAAAGTACCCTA-1,-1.5346377388099988,1.5244734412657017
GCCCGAACACACGGAA-1,-0.052247757882133455,1.4620320957359756
GCCGTGAAGGAGAGTA-1,-3.2033549446456817,0.8271008872445536
GCCGTGAAGTGAATAC-1,-3.3562835053437063,2.292019590488096
GCCGTGATCATGCGGC-1,-0.3537287916849016,5.769851945945432
GCCTGTTAGCAGTAAT-1,-2.0764537523022004,5.495977829379221
GCGAGAATCCACGAAT-1,-0.643318185273678,1.064246698016618
GCGAGAATCGTGGGAA-1,0.5807754723260462,4.377791619831185
GCGAGAATCTTCCCGA-1,11.084401315346403,-19.309091599722446
GCGATCGCAAGCGCAA-1,-2.5200248016862954,-1.6716322751577186
GCGATCGCATGATAGA-1,-2.0186276536987062,5.3409799308120975
GCGGATCGTACCTAAC-1,11.584249603222302,-20.050082976743084
GCGGATCGTGTTGCCG-1,-0.615121285992592,6.8319570349988
GCGTGCAGTACGATGG-1,-0.32133765906394424,2.8832821288860995
GCGTGCATCTTGAACG-1,12.044618225730671,-20.11250489282758
GCGTTTCCACAGCTGC-1,-0.5293889773266937,1.9907752721702836
GCGTTTCTCATACGAC-1,-1.8977743845564565,-0.6749160256590422
GCTACAAGTGGATTTC-1,-1.8938859650857565,6.861283035065238
GCTACAATCGTAGGAG-1,-2.847757290138244,6.315775310285149
GCTCAAAGTGGTTTGT-1,-3.81876505691286,4.7726248273724545
GCTGAATAGGATACCG-1,-0.03258540952762085,6.5019003181849335
GCTGAATCATTCAGCA-1,-4.007815341216014,-3.5830657993399115
GCTGAATTCCGAAATC-1,-4.231720763232355,-2.30226750002799
GCTGGGTAGAAGCCAC-1,0.6704326271578464,-9.901463296032402
GCTGGGTAGGTGTGAC-1,13.241072935119666,-18.724560603981796
GCTGGGTGTACCTATG-1,-0.9836354229565172,-10.22859696493814
GCTGGGTTCCATCGTC-1,11.824194166656293,-20.0227967090989
GCTGGGTTCCGGCAGT-1,-1.0668261109646526,2.5626986550182975
GCTTCACGTCACTCAA-1,1.0370417988836869,2.813196518115836
GCTTCACGTTCTGACA-1,-1.6925833932000363,0.42490887829228746
GCTTCACTCCGTGTAA-1,-1.2747976786004487,0.7320407399309902
GCTTGGGGTTTGGGTT-1,-1.6619673843363723,-0.06467059880229464
GCTTTCGAGGTTACCT-1,-2.9096814754418707,-1.1882861753156106
GCTTTCGCATGTCGTA-1,0.5066925304932136,3.001139807536863
GCTTTCGGTTAGGCCC-1,-1.3082619261652093,7.131665147834153
GCTTTCGTCACTGGTA-1,1.714625793856835,4.316925195837928
GGAACCCCAGAGAATT-1,11.77202678681977,-20.078518526318405
GGAACCCGTGGCGCTT-1,-2.580751987362067,3.781260164322363
GGAACCCTCACGTAGT-1,-2.2987057382761407,6.600318189053176
GGAAGTGAGCTGACCC-1,-0.6636308630890139,5.860458082793336
GGAATCTAGTAAGGGA-1,-2.9492235074546866,-0.6572737291743966
GGAATGGGTAGCTAAA-1,13.420739555027199,-19.200814525238098
GGAATGGTCAGGGATG-1,-3.6065830059953554,1.40726610075695
GGACGTCAGCTTCATG-1,-3.8853240674641523,4.852729358378258
GGACGTCCAGATTTCG-1,-3.7039262402041517,-4.61321763621178
GGAGAACCAAGCTCTA-1,12.885521709354508,-17.409560378014316
GGAGAACTCTACTTCA-1,13.12335489122811,-19.149545485942504
GGAGATGTCACGAGGA-1,-1.5991032057921772,6.419397910685778
GGAGCAAAGAGCAAGA-1,0.8226846997136242,3.2311499540401445
GGAGCAATCCAGCTCT-1,13.52579903569613,-19.574683115360088
GGAGGATAGGGCAGAG-1,12.371872488635022,-18.902299865447315
GGAGGATGTGTTGCCG-1,-0.16984994440953846,-11.055369715929475
GGAGGATGTTTACCTT-1,12.933957584388217,-19.849721300815002
GGAGGTAAGAAGGATG-1,-3.487670231202005,4.966311869524071
GGAGGTAAGCCAAGTG-1,-2.9546419427440727,6.4462904580044285
GGAGGTAGTGAGCGAT-1,-2.6587668288240014,-2.469562118926659
GGAGGTAGTTTCACAG-1,-2.952553669970476,-4.124647264119615
GGAGGTATCAAGCCTA-1,-3.7377509140268024,5.29046242809555
GGAGGTATCCGAGTGC-1,0.34367390225245936,4.3750887113862404
GGATCTAAGAAGTCAT-1,-3.231583665866612,5.090261266597172
GGATCTACAATCCTAG-1,-2.6831408667197945,4.463127316279444
GGATCTAGTACTAACC-1,-1.5671372443971403,6.911023020859141
GGATCTAGTCATAAAG-1,-1.2126723472986387,6.098792511842576
GGCACGTAGCCTGGAA-1,12.49076820442514,-20.068042638195603
GGCAGTCCACCAAAGG-1,-1.383719469358,7.323018111554569
GGCAGTCCACGGGCTT-1,0.7813846852972899,-9.195776479153889
GGCAGTCCACGTTGGC-1,-3.1069537043500794,1.1014534687359243
GGCAGTCCAGTTACCA-1,10.140891668529184,-17.591949512305522
GGCGTCACACGTCTCT-1,-3.339718138426225,2.4302609195769502
GGCTGTGCACAGTCCG-1,11.254655070609708,-18.946929861429023
GGCTTGGCAAGTACCT-1,-1.5307826565918454,0.4743561336488403
GGCTTGGTCATGCAGT-1,-1.3486845138867438,7.190657150274828
GGCTTTCAGTCACGAG-1,-3.662111647536383,1.5850252988757414
GGCTTTCCATACTGAC-1,-2.5026728407588337,-0.315720822738022
GGCTTTCGTGTTGCCG-1,0.6682841157438729,4.515831463338458
GGCTTTCTCGCTACGG-1,-1.5996047270472047,2.6189385049456715
GGGAAGTCAGAGGTTG-1,-2.488947252697548,3.168478235055076
GGGAAGTGTCCCGCAA-1,-3.4661213492599696,5.580833272300819
GGGAAGTTCGATTTCT-1,-0.0887395815320103,-10.068616898015248
GGGACCTTCGAGCCAC-1,-2.8690749846118333,-3.9425350908819854
GGGACTCCAGGTGGAT-1,-3.739828809736792,4.2934463296362315
GGGACTCTCCTACGAA-1,-3.8368948823922793,-2.247810730914378
GGGAGATAGACGAAGA-1,-4.204913289244525,-3.001225879721357
GGGAGATCATCACAGT-1,12.937818083532951,-19.994873312334644
GGGATCCAGAGCACTG-1,-1.3554651791960102,3.0164936068835524
GGGATCCTCGGAATGG-1,1.4038326606844025,3.559362817722443
GGGATGATCGGCGATC-1,12.618045779323019,-18.357385102515167
GGGCGTTCAGTTCCAA-1,0.2900223269514867,2.3714802530369004
GGGCGTTTCTCAGAAC-1,11.476757220828752,-19.212636073099652
GGGCTACAGGCCTGAA-1,-1.8400129780820162,-3.755254149630742
GGGCTACTCTCGACGG-1,0.3492512489766676,4.150356477687806
GGGCTCAGTGTCATTG-1,-0.1650629432543478,-11.107187004353126
GGGCTCATCCTACAAG-1,-1.7524771927628984,4.199308243528341
GGGTAGATCCTGTAGA-1,-2.6138575545790306,3.4567197419511095
GGGTATTAGGTGAGCT-1,-0.7655624615747033,-10.262745487201213
GGGTATTTCATTGTTC-1,-3.592354378287268,-3.9502375951262243
GGGTCACCACTCATAG-1,-3.6596326241058637,3.1916473497011975
GGGTCACGTGCACGCT-1,-1.4973952666806378,2.4613140117306505
GGGTCTGTCGCACTCT-1,-0.9544905620983105,2.515306377545183
GGGTTATAGCGCGTTC-1,-4.01400266034253,7.470414621306613
GGGTTATGTCACTTAG-1,11.791319867042777,-17.646015539707715
GGGTTTATCGTGCATA-1,0.3015264659540784,2.909721458700293
GGTAACTCAATGTCAC-1,-2.4158900289512917,-4.004669762010762
GGTAACTGTAAGTTGA-1,-3.7423645831611196,-2.1455096097528514
GGTAACTTCAGCATTG-1,12.672876715393954,-18.884634815133012
GGTAATCTCGAGCACC-1,2.3516718579689933,3.420067669189975
GGTCACGGTAGCTGCC-1,-2.8297545815474403,6.434724623850814
GGTCACGGTATGGTTC-1,-0.9994387396160397,3.5834233294267324
GGTCACGGTCTTCATT-1,-4.390844604418765,-2.7797629081627635
GGTCACGGTGGCCTCA-1,-2.5497099368762033,5.157624731876099
GGTCTGGCACCCTGTT-1,-0.9089496358910579,6.91184846044621
GGTGAAGGTAGAAACT-1,13.443966788547712,-19.585567983328
GGTGATTAGCACTTTG-1,-0.521517888807652,-10.73122757178564
GGTGATTTCTACGCGG-1,10.46008562547312,-18.38446038636702
GGTGGCTTCGGAGATG-1,-3.246800084688198,3.9880876388694335
GGTGGCTTCGTCCTTG-1,12.198209296095103,-18.14459537835409
GGTGGCTTCTCGTGAA-1,12.21160533475458,-18.998891317278716
GGTGTCGAGAACCGCA-1,-2.270982903376576,3.213932576802818
GGTGTCGGTGTGATGG-1,-4.231363771093942,-2.793583315009958
GGTGTTAGTGTGTGGA-1,-0.09918589008381312,-9.99431495721082
GGTTAACCAAGATGGC-1,-2.0325619933564125,5.845759893258752
GGTTAACCATTCAGCA-1,-3.5410743602515726,2.8961634483757424
GGTTAACGTCGAACGA-1,12.43903223094876,-20.048468688821593
GGTTCTCGTACATTGC-1,11.857689710953107,-17.72160995667063
GTAACACTCGCAATGT-1,-2.1562250420163775,2.5031839236801408
GTAAGTCAGAGCAGCT-1,-3.54704864972856,4.072013738937996
GTAAGTCAGCGTCAGA-1,-1.8117425259834645,6.6372589857125
GTAAGTCCACCTGAAT-1,1.5532312310883682,3.213277666007131
GTAAGTCGTTAGGCTT-1,-3.502859607356782,-4.30651357582778
GTAATCGGTAGTACGG-1,-2.9060954111422586,-1.2183184778050884
GTAATCGGTCATGGCC-1,-3.7976306531383273,-3.6235710408052335
GTAATCGTCGAATGCT-1,-3.8437185964561165,6.3634958292033295
GTAATGCGTCACTACA-1,-1.5185696519758545,4.383167740383455
GTACAACGTCACCACG-1,-2.15675322102603,7.132990874421988
GTACAGTTCCACCTGT-1,12.129151045278586,-20.129022316741086
GTAGAAATCCTACCGT-1,-4.137557550734465,7.258622478276863
GTAGAAATCGGTCTGG-1,0.8756843901922,-10.2490874055172
GTAGAGGGTTCGGGTC-1,-1.0228769079874198,-10.049956791234937
GTAGAGGTCCCTCTAG-1,-2.337166834213006,-4.285492728885375
GTAGCTACAAACTGCT-1,0.8820809540297435,3.1635513381590936
GTAGGAGAGCATATGA-1,-1.6615252915222263,3.693037065779112
GTAGGAGGTATTGAGA-1,-3.5538886131285286,0.6294806876362709
GTAGGTTGTAACCCTA-1,-1.8464761481435727,7.127343553162357
GTAGTACAGATGTTCC-1,-3.617695399881087,-2.893528455043508
GTAGTACCAGACGATG-1,-2.954222897144093,-0.6443513625301481
GTAGTACTCGTTCATT-1,0.595284767800468,4.1009153502449065
GTATTGGCATCCAATG-1,-2.880848186241394,2.9808150822873727
GTATTTCAGACGCATG-1,-0.8648639511392182,6.9671288408299334
GTATTTCAGCCTAGGA-1,1.0443888252615239,-9.31856896516322
GTCAAACAGCATAGGC-1,1.7845838169929507,3.341554233342511
GTCAAACGTATGCTTG-1,-2.6558658992696205,2.411026111092837
GTCAAGTAGGTTGGTG-1,-4.156422043995607,-2.6158275600746124
GTCAAGTGTTGACGGA-1,0.4679138541836556,3.7227571161208473
GTCACGGGTCTTGTCC-1,-3.1177352244517516,4.955184211765464
GTCACGGGTTAGGACG-1,-3.771673351084591,3.1212720642762597
GTCACGGTCATTACGG-1,-3.016595260867268,1.1596151799054888
GTCACGGTCCACGGGT-1,-0.8704383327352498,2.7862309372544503
GTCACTCCATAATCCG-1,-2.7627446563568343,0.9795304215471654
GTCATCCGTAAGCAAT-1,-1.3154030616997383,2.8475977624358166
GTCATGAGTGAGCAGT-1,-0.48428888252675867,-9.366556308642362
GTCATTTCATGACTTG-1,1.3985346637858906,4.176210002447676
GTCATTTGTGGCTTGC-1,-2.5341295813840117,6.821866490527713
GTCCTCAAGAGTTGAT-1,-1.2607036035927155,-0.19122946703656918
GTCCTCAGTGGCAGAT-1,-3.149917583313788,4.727102557362065
GTCGAATCAACCGTAT-1,-2.5289645758084447,6.475525912274976
GTCGAATGTTCTCCCA-1,-2.7600516172078406,-1.2902477573144835
GTCGTAAAGAGTCTGG-1,-0.3417173486014885,0.9873055252335149
GTCGTAAAGTGTCATC-1,0.3725126596353935,6.191963371168977
GTCGTAAGTGCCGAAA-1,-2.6319139892151746,1.0583818727272936
GTCGTTCAGGAACGAA-1,13.507425094118252,-18.081018958104174
GTCGTTCCATCGAAGG-1,-4.073718467710733,7.554375703634596
GTCGTTCGTTGGTACT-1,-3.628687051551605,0.5249708558692466
GTCTACCCAGGGACTA-1,-0.6551795202928353,6.014528751224503
GTCTACCGTTCTGACA-1,-2.4587043679387373,1.4207317757598283
GTCTACCTCTTTCGAT-1,0.0959809724352179,1.0515178499986386
GTCTAGAGTGTGCTTA-1,-3.424849527039082,2.4141308123438545
GTCTAGATCGTTATCT-1,-2.010802965612159,7.138041123175212
GTCTCACGTGTCCAAT-1,11.869980890065177,-19.327828675867035
GTCTGTCCAGTCGCTG-1,0.1594757776788779,-9.258579807489003
GTCTGTCGTGAGGAAA-1,-2.6914593537246843,6.886595098520908
GTCTTTACATAACCCA-1,1.0999128747235254,-10.304003556689644
GTCTTTAGTCATCTAG-1,-2.547361035449542,-4.259792813256897
GTGAGTTCATGACTAC-1,-3.5070776807462036,3.436435538244793
GTGATGTAGGCACAAC-1,-3.30979917820503,5.2851398850253295
GTGCACGAGTGATAGT-1,-3.1415619768455327,-4.545635997509566
GTGCACGCATGGAATA-1,11.397875543760621,-19.558135176898066
GTGCACGTCGCCAATA-1,13.439827545217721,-18.890627575927496
GTGCAGCAGAAGTATC-1,-3.213874457452675,-4.202613158538601
GTGCAGCCAACTGCTA-1,10.395645725661156,-18.346685107268765
GTGCAGCCAAGTGCTT-1,-3.673276218954858,3.0561335451302725
GTGCAGCGTCCCGCAA-1,-0.6357809362958736,6.1721075478376495
GTGCGTGGTGCGTCGT-1,12.171954495546894,-19.428152786630143
GTGCTGGCACAGCCTG-1,-0.9389886465683225,5.80166794725669
GTGCTGGTCCATTGCC-1,-0.3856733054783769,-10.267764939421992
GTGCTTCGTCGCTCGA-1,-2.475343132335996,1.4416455697144017
GTGGAAGAGAGAGCAA-1,-3.20556365401209,-0.18209862479425057
GTGGAAGAGGCTCAAG-1,-2.7758686144406632,2.5398656050512494
GTGGAGACAGCGTACC-1,1.4817712917163564,3.070135227893193
GTGGAGAGTGCGGTAA-1,-0.01075137657460522,6.438994993036318
GTGGAGATCCTATGGA-1,10.172887561285355,-17.720356570727947
GTGGCGTAGCGTGTCC-1,0.14844094641344482,1.9941571969584728
GTGGCGTCACTTCATT-1,-2.7895437784514896,5.303046213738288
GTGGCGTGTATGTCTG-1,-2.9554340204317535,-0.6767961564103553
GTGGCGTTCCGGTAAT-1,-3.1318830812247507,2.2994309846845327
GTGGTTAAGAACGTGC-1,-2.0527352998034174,1.1607928758663566
GTGGTTACACTGCGTG-1,11.277371828807045,-19.30106584224798
GTGGTTATCAATCAGC-1,-4.205256393169256,7.739338479070682
GTGTCCTAGACAAGCC-1,-0.10826014810544812,2.197291054340142
GTGTCCTCATACTGTG-1,-1.5644402812573457,2.4102264546329817
GTGTCCTTCCTTTAGT-1,-3.607620812746009,-4.117791650097184
GTGTGATCATCCCACT-1,-4.023781435690477,6.8570606440400885
GTGTGGCGTAAGATTG-1,-2.3292650159658153,5.8185446986227625
GTTACAGCAAGCGGAT-1,-2.588739910509843,5.103432408679484
GTTACAGGTGACGTCC-1,11.584780525611219,-19.63700970123554
GTTACAGTCTGGGATT-1,0.5455949406370274,1.3871687029359654
GTTACCCTCCAAACCA-1,-0.054611354320759836,3.3535335599365688
GTTACGAAGGTAGTAT-1,-2.0118565288976926,-1.153224924188036
GTTAGACGTTAAACAG-1,-2.3368710715283987,5.679475994100888
GTTAGACTCCATGATG-1,-2.4158346110749327,5.159803086424914
GTTAGTGCAGAAATTG-1,-2.364301479161595,5.91247830648201
GTTAGTGGTAGCGCTC-1,2.248385324662538,3.6782000328481756
GTTATGGCACATTGTG-1,-1.8354726157013075,3.833571342800161
GTTATGGGTACTGCGC-1,13.405673275660346,-19.654098141467763
GTTATGGTCCGCTTAC-1,-3.705822498263262,-2.5069048151552513
GTTATGGTCCTACGGG-1,-0.1169468880116098,-10.814722360191682
GTTATGGTCTGGAAGG-1,-3.8731926572278326,-3.3180316518205477
GTTCCGTCAAGGCAAC-1,-2.7257056666951005,5.5887507052441
GTTCCGTGTTCCTAGA-1,-3.8620331662883007,6.590516809865857
GTTCCGTTCCGTATAG-1,-3.4376373753644613,-3.8593546793321227
GTTCGCTTCTGGCCAG-1,1.1825083496104414,-9.257315573460183
GTTCTATTCTTGATTC-1,12.83061698841325,-19.0986845415431
GTTGAACCAACGTAAA-1,-1.8708613090573494,7.054952309470924
GTTGAACGTACTCCCT-1,0.3361899227885609,3.469323305477051
GTTGCGGGTTACAGCT-1,-0.5614489303711586,6.1681167096966645
GTTGTAGCACTAAACC-1,11.781834248583397,-19.953919587909024
GTTGTCCGTCGCTCGA-1,-2.635123452841773,-0.6431667644784426
GTTGTCCTCATGGAGG-1,-2.638340043507895,-3.6879811658707897
GTTGTGAAGACCCTTA-1,0.16717272500390096,6.306078061532911
GTTGTGAAGTATCTGC-1,-1.3538214366971453,0.9635993546814535
GTTGTGAGTGGTCAAG-1,-2.778126766129874,-4.3643856191423405
GTTGTGAGTTCGCGTG-1,-2.4499799427838207,-2.252182668566368
GTTGTGAGTTGTGCCG-1,-3.8009836223008073,-4.0166416763803205
GTTTACTCAGGTGTTT-1,-0.8197707248364803,5.964984683006679
GTTTACTCATGACACT-1,1.0788326051267596,4.361644473739106
GTTTACTGTTATAGCC-1,-2.5124791349281863,-1.03449481859833
GTTTACTTCGGTCTAA-1,13.448579467831085,-19.69278390333053
GTTTGGAAGAACGTGC-1,-3.8258384037429733,4.009000193554951
GTTTGGATCATGCGGC-1,12.872122022847048,-19.954868066581774
TAACACGAGAAATTGC-1,-1.478176483228609,0.5771493509174372
TAACACGAGATACGAT-1,-0.0985595083897029,-10.161703647424549
TAACACGGTGCATTTG-1,-0.6708145267067489,-9.341375540954383
TAACCAGAGAAACTAC-1,-0.5804780447835319,6.369498423329865
TAACCAGGTAGTTACC-1,-0.9448227612301472,1.1691339929131581
TAACGACAGCGCCCAT-1,-2.958170762147316,-2.0599844236247598
TAACGACCATCAGCTA-1,-1.3684200762242271,0.039042836730066637
TAAGCACAGAACTGAT-1,-0.8267185796850565,-10.28544991425735
TAAGCACGTAGGCTGA-1,11.772403537034492,-17.57545702248209
TAAGCGTAGCTAGATA-1,-1.7285475431156043,6.632752948356043
TAATCTCGTCACGCTG-1,0.7728068143026299,4.180565628131417
TAATTCCCAGCGTGAA-1,-0.27811719584740785,-10.212659547739003
TACAACGAGTACAACA-1,0.6465039436622063,3.644248124304173
TACAACGCACGCAAAG-1,1.4133215520634104,-10.359760871668156
TACACCCCAAATTGCC-1,0.08682052915998618,3.0848607428828223
TACACCCCAATGTCTG-1,-1.1737654677735132,3.245161867728879
TACACCCGTTCTCAGA-1,0.023531951688719337,3.1131191461572465
TACCCACGTCGCTCGA-1,-2.624006913343692,-1.8309872111380356
TACCCGTGTCCTCCAT-1,-0.45626534878262387,2.909265004557632
TACCGAACATGAATAG-1,13.081171926657346,-18.067964761251915
TACCGAATCGCCAGTG-1,-2.643268110105741,-1.9593426462828702
TACCGAATCTGAATCG-1,-2.4851461335306717,6.857956650814559
TACCGGGAGGTAAGAG-1,-3.942738953325676,4.8954012515506
TACCGGGCAACTTGGT-1,-2.148318967684812,5.180715242908502
TACCGGGTCACTGATG-1,13.54882641966023,-17.785499984053263
TACCGGGTCTTCACGC-1,-1.6351909748937565,2.8999178024679035
TACCTCGTCATACGGT-1,-0.23050666566851427,-10.41198458135616
TACCTCGTCGGTCATA-1,0.23975842545865128,2.040734284534411
TACCTGCAGTAGGGTC-1,12.863112134996552,-17.489039808310736
TACCTGCTCTTTCGAT-1,2.3578954363246987,3.221068214980234
TACGCTCAGCAGTCTT-1,1.3886096639353234,4.5244992810974205
TACGGGCAGCTCCGAC-1,-3.198739105248079,-0.48854563774673604
TACGGGCGTTACGGAG-1,-2.94942977179845,6.531396850453764
TACTTACAGGCCTGCT-1,-0.7266983118857585,1.4327281448818592
TACTTACGTGGAGGTT-1,-4.012572203446867,7.48989093681565
TACTTGTCATGACTTG-1,-4.425062848526414,-2.4147977891941173
TACTTGTGTCTACAAC-1,-0.6544665512039265,1.6758120654223263
TAGACCACAAATCAGA-1,0.305494910220065,-9.410264574637608
TAGACCACAACGTATC-1,13.535074064690864,-17.736019903847478
TAGACCACATGGAAGC-1,-4.242989923935928,-2.5139461745648646
TAGACCAGTGACCGAA-1,-0.6389427489859766,1.6869298938106487
TAGACTGCAGGTTACT-1,1.858390951054229,3.246405520235282
TAGACTGGTTCCCACT-1,-4.261663891601163,-2.9745665450485954
TAGACTGGTTGCTGAT-1,-2.0081341489685,4.325850204960457
TAGATCGCACACCAGC-1,-0.1755321719950095,-10.711867404811178
TAGCACACACCAAAGG-1,12.906955188218962,-19.56918248330448
TAGGAGGGTATCACCA-1,-0.5894140047735726,2.892730478025326
TAGGAGGGTGACACGA-1,-3.132151103824015,4.755127488743943
TAGGAGGGTGCGACAA-1,2.112499765623569,3.1536489840371837
TAGGGTTTCCCATTCG-1,0.4686118286172891,-9.279344943509962
TAGGTACCACTCTGCT-1,-4.016688794065135,6.91415911631535
TAGTGCACAGAGTGAC-1,-1.9197275915693777,6.905234903984237
TAGTGCACATTCTGTT-1,-2.289761996312419,0.9402788537928852
TATACCTAGTTTGGCT-1,-4.109521487363174,6.48457520869335
TATACCTTCGCAGATT-1,12.788091385170274,-17.24602598307786
TATATCCTCCCAGGCA-1,10.837755046099486,-18.653779484653942
TATCAGGAGCGATGCA-1,2.3437539855975227,3.4156197372135315
TATCAGGTCACTGCTC-1,-2.2650794264355176,4.620911580104122
TATCCTAAGATGGTAT-1,-3.619136457403614,-4.239017135041671
TATCGCCCAGAATGTA-1,-0.06932302168631488,6.5029257146039745
TATCTGTAGATGGTAT-1,13.286911762728797,-18.802024520545892
TATCTTGCACAAGTTC-1,-2.2646615202879694,2.9902092396500937
TATCTTGTCGCCACTT-1,-3.953490008067727,-3.5933734167274767
TATGTTCTCGCGTCGA-1,0.7966134730167304,1.7158355055517307
TATTCCACAGCTGCCA-1,-0.9226139997768364,2.208958299073649
TATTCCATCCAAGCTA-1,-4.345875483949016,7.624296613375537
TATTGCTAGGCGAAGG-1,-2.5308089675890026,4.944404927060491
TATTGCTCATGTGGTT-1,-3.4767256655732575,3.307776804310579
TATTGGGGTGGCTTGC-1,-3.5655325695612423,-4.01243577153237
TATTGGGTCATTACCT-1,0.07116328179828887,2.206369236862797
TATTTCGAGGATAATC-1,-1.8397849908967074,-3.6824023142602624
TATTTCGTCACGGGAA-1,0.6511673821375565,-10.11223733777978
TCAAGCAGTATCGTTG-1,2.0610331780372073,4.029115084984215
TCAAGTGAGAAGGATG-1,-3.9328790608461968,2.5334781691333426
TCAAGTGCATCAGTGT-1,11.932158210225383,-20.0290231059959
TCAATCTAGATAGGGA-1,-2.9640861232327746,4.802544084303156
TCAATCTTCATCACTT-1,-4.424253862834645,-2.6179462509249825
TCAATTCCATCTGGGC-1,0.038318420708795584,6.333302520606997
TCACAAGAGACGGAAA-1,-2.649642965031352,1.4251278850464897
TCACAAGCAATTAGGA-1,0.5271869123546256,4.171934555016466
TCACAAGTCGTAATGC-1,-3.0969317589719125,-0.2759178316633508
TCACACCTCTGCGGCA-1,-1.7772586332792149,-3.5619302255299123
TCACATTGTCCATACA-1,-0.49701023753356854,-10.279173130448266
TCACGCTAGATTGGGC-1,-2.655387514591925,5.695591866842977
TCACGCTTCCTAGAGT-1,-1.6594521841218357,0.2760069668231226
TCACTCGAGCGTGTTT-1,-3.339150722454678,5.823264783665074
TCACTCGAGTACTGTC-1,0.5922563804623967,-10.484688428545132
TCAGCAAAGAGCAGTC-1,0.8691580661164859,2.6387554133077855
TCAGCAACACTGAGTT-1,-1.9286509799258893,6.032350498515289
TCAGCCTAGCGATGCA-1,-2.6079036654480388,0.3278612502375736
TCAGCCTTCGCCTAGG-1,-1.464674389795248,5.802104202577878
TCAGGGCCATCAGCGC-1,-0.554436608835038,-10.495490296486157
TCAGGGCGTACTGCGC-1,-0.07999701872171365,-9.567284036589859
TCAGGTACAATCGCGC-1,-0.28406459574693077,-10.212294269472647
TCAGGTAGTTTGTTGG-1,10.118041911510371,-17.705536905171332
TCAGTCCGTGCAGATG-1,-0.7437169284696137,2.441828692811012
TCAGTCCGTGGAACCA-1,12.887388625352827,-18.864529760408676
TCAGTGATCTGCTGAA-1,13.34250874307742,-19.439987667096364
TCATACTTCAGCACCG-1,-0.1350427006745415,6.124254364884189
TCATATCTCATTCCTA-1,-0.5224999327113239,-9.108235591044421
TCATCATAGATGTTAG-1,-1.8198337719582072,3.455362478897436
TCATCATGTCCTCATC-1,-2.296558333729628,6.653601394750687
TCATCATTCGTTAGAC-1,13.345423725053758,-19.728217811596327
TCATCCGCATCCGGCA-1,13.315512198466575,-19.62261435806248
TCATGGAAGTCACAGG-1,-4.13710926298481,-3.239192852241004
TCATGGAGTTCAAACC-1,-0.9948219674915119,6.087862561085378
TCATTACCAACCGTGC-1,-0.9331073478035077,1.6618792137945309
TCATTACGTGAATTGA-1,-2.144906769750206,3.1584872905560033
TCATTACGTTTCCAAG-1,-3.5416696362505196,0.7636755555350466
TCATTGTAGGAATGTT-1,12.822957030527387,-18.66106197461087
TCATTTGAGGATTCAA-1,-2.3914264732231687,5.194049163214185
TCATTTGGTCCGTACG-1,0.5170344621147742,4.18018355883315
TCATTTGTCTCTGAGA-1,-2.4072820631252814,3.4934285958121114
TCCACCAAGTGCGCTC-1,11.664596150505032,-19.015644191088718
TCCACCACAATAAGGT-1,13.3798930916592,-19.52856701330407
TCCACCACAGTGTATC-1,-2.593802591113882,4.329862689931429
TCCACCATCACGGACC-1,2.071246731557333,3.7438980799937913
TCCATCGAGATCCGAG-1,11.563765770159915,-19.498903965449884
TCCATGCAGCACACCC-1,-3.833284354284408,-3.3856328915262623
TCCCACACAGGTTCGC-1,1.8110975763313462,4.406925334580165
TCCCACAGTCAATCTG-1,-2.9347436508057143,4.022084325784406
TCCCATGAGCACTAGG-1,-3.295973575183873,0.8689344955168428
TCCCATGAGCTTAAGA-1,-2.520840702934744,6.8716559027047
TCCGAAAAGCCATATC-1,-3.2245019227728124,6.57300528781092
TCCGAAACACGTACTA-1,-3.1857199992650322,4.267490984261089
TCCGAAAGTCTAGTGT-1,-0.14615419519685588,-9.020352174788169
TCCGATCAGCATAGGC-1,-0.162972083513121,2.7213609961935106
TCCGATCTCCCGTAAA-1,-3.5676978387663736,3.3751183941064236
TCCGATCTCCTTATAC-1,-2.136463927850304,1.162861287499964
TCCGGGATCCTCAGGG-1,-2.8509020164555614,2.4282739739732184
TCCGTGTTCACAAGGG-1,0.5746247318423762,4.068410970166078
TCCGTGTTCTCCAAGA-1,-3.7629670732615317,4.190685292726659
TCCTAATAGCAATTCC-1,-3.482169138942836,-0.20304445263320398
TCCTAATAGTGAGCCA-1,-2.681840379205404,-0.06355122779460493
TCCTAATCAAGTCATC-1,-3.2027711580198543,3.1793483401410136
TCCTAATTCACTAGCA-1,-0.5382163477643499,5.73306852382709
TCCTCGACACAGTCAT-1,-2.1442205079378316,1.0067910432620173
TCCTCGAGTTGAGGAC-1,1.0956301575841716,-9.543568732152595
TCCTCTTTCCAACCGG-1,0.6662328900310261,-9.60058224823858
TCGAACACAAGGTTGG-1,-3.9522409216154406,5.206681894441254
TCGAACATCTCCCTAG-1,0.16526644832185677,-11.006435230708126
TCGACCTCACGGATCC-1,-2.0932351518512045,1.3595851485112977
TCGACCTGTGCCCAGT-1,-2.6477203397778046,-4.443747899943561
TCGACGGCATCGAGCC-1,-4.439578132320859,-2.812227825855047
TCGCACTGTAGTACGG-1,-2.5810361667145294,5.204576406369912
TCGCAGGTCACGACTA-1,-3.876733474992059,7.069380280433429
TCGCTCAAGTCAATCC-1,-2.8930875440797954,-4.422151475003043
TCGCTCACAATGCAGG-1,2.226628991911683,3.6658767653602635
TCGCTTGGTGCCTATA-1,-0.571496084336278,-10.448426070797174
TCGCTTGTCCCGAGTG-1,11.374497624905374,-19.320661249459018
TCGGATAAGGTTAAAC-1,-1.014850737317613,0.7772300840074297
TCGGGACAGAGCACTG-1,0.4336198047898016,-10.153269654441598
TCGGGACTCGGTCACG-1,11.667578318738913,-17.658007096541752
TCGGGCACATGTCTAG-1,-3.2215447255337697,-4.4626136650158905
TCGGGCATCTCATTAC-1,0.8341465608660386,3.518705081607475
TCGGGTGTCGAATCCA-1,-2.0496676122349733,-0.830502550205
TCGGTCTCAGGTCAAG-1,0.22276743446378885,2.631005736737354
TCGTCCAAGGTCATAA-1,-2.4515034703964074,4.847647245004601
TCGTCCAGTAGGAGGG-1,-2.8444528115981798,-1.213300567511894
TCGTCCAGTCTCAAGT-1,-2.741649585408715,2.223975078543727
TCGTCCAGTTCTCGCT-1,-3.309045879340692,6.812492426356775
TCGTCCATCTTCGGAA-1,13.476904494105707,-19.44825910726752
TCGTGCTTCTCGGGAC-1,2.4251909059886554,3.3729804968315706
TCTAACTCATGAATCC-1,-2.8893262829938915,4.444743562819824
TCTACATAGTAATTGG-1,11.678936789523435,-19.171531661668745
TCTACATCACCTGCAG-1,-2.498101529994875,2.8143261523084355
TCTACATTCCCAGTGG-1,-2.4432872120222053,4.017402315807619
TCTACCGAGATACTGA-1,12.60524593599898,-19.47160411916642
TCTATACCATGCCGAC-1,-2.159158063026689,0.5572571768737985
TCTATACGTTGCAACT-1,-1.8080030078001896,0.6934339757461978
TCTCCGACAGCACCCA-1,-1.5968653730996758,-0.6209568261445509
TCTGCCAGTCTAACGT-1,1.4430193444159893,-10.030552684934756
TCTGCCATCACCATAG-1,-3.47732429117905,3.4892423723087287
TCTGTCGAGGTAAGTT-1,-2.4236464005351888,5.450720760422633
TCTGTCGCATTCACCC-1,-0.9415475385242015,6.822305688118905
TCTTAGTCAAGCAGGT-1,-2.6006378864112856,2.229693872569221
TCTTCCTTCGAACACT-1,-3.762416117884266,-4.085340995278588
TCTTGCGAGCCACCGT-1,-2.266555277365529,-1.1186188647716568
TCTTGCGCATGTTCGA-1,-3.6186345356550116,-4.593926718475028
TCTTTGAAGAAATCCA-1,-3.2916284456611677,1.5771872030618768
TCTTTGAAGACGCCAA-1,-2.8383655357932978,4.289345158248066
TCTTTGAAGGGCCTCT-1,-2.644703946746839,-1.8734809765307179
TCTTTGAGTCTCAAGT-1,-1.3654538760156925,4.332518488162793
TGAACGTAGAGTCAGC-1,-1.241809002376953,2.668421581432742
TGAACGTGTATCGAAA-1,-2.0712387240465637,5.636364334936344
TGAATGCCATGTGGTT-1,-3.5613947551160647,3.910320630567644
TGAATGCGTCCCTAAA-1,13.508899525245052,-18.071928699087337
TGACAGTCACACAGAG-1,-2.5235407898614315,5.583811322528851
TGACCCTGTGTCCGGT-1,0.028196488371363803,2.301750848896545
TGAGACTAGAGCAGTC-1,-1.101628078502436,2.1216715138423585
TGAGCATTCTCTATAC-1,-2.487088706932776,4.645023432323665
TGAGGAGCAAGGTCTT-1,-2.6339439621029905,-1.145303823250275
TGAGGAGCAGCTATAC-1,1.107581927835848,-10.14227812825809
TGAGGGAGTTGCATAC-1,-3.5856876722852546,-4.014894515488861
TGAGGTTGTGGCTAGA-1,-4.3870907468920635,-2.3806629254049
TGAGTCAAGCTAATCC-1,-1.1934752185561315,1.8113180495334305
TGAGTCATCCCGTTCA-1,-1.4811223778885425,2.2402871852752497
TGATCAGGTCTGCATA-1,-0.1687989075242941,-10.939628455128682
TGATCAGGTGTATTCG-1,1.2503557132477288,-9.510459704100418
TGATCAGTCTTACCAT-1,-2.825982617523013,0.8640963422940408
TGATGGTAGTCACGAG-1,13.151386633883611,-19.873580773770346
TGATGGTCATCGGTTA-1,-2.4215301294475875,4.041026102352296
TGATGGTGTCATAAAG-1,-1.960565985900067,6.9012078680835405
TGATTCTTCTGGCTGG-1,1.286593966957571,-9.893543870927326
TGATTTCAGCATGGGT-1,12.96087077491541,-18.20920670678202
TGATTTCGTTCGAACT-1,-2.4547545597012634,-0.5689820950326684
TGATTTCTCCTCACCA-1,1.234718724976263,-9.52657133304858
TGATTTCTCGAAACAA-1,-2.4762970847942904,-0.9265366018290293
TGCAGATAGTTGCTGT-1,-2.858919579530557,-0.9033632491515381
TGCAGATCAAGTGATA-1,-1.4879383956272985,-0.34135957619045304
TGCAGATTCTAGATCG-1,-0.2676538083201378,-10.874301868620552
TGCAGGCGTGGACTGA-1,-0.8189336159584927,5.835660503872572
TGCAGGCTCACCTCAC-1,-3.3032458265215903,-4.463533626052019
TGCAGTAAGGCGTTGA-1,-3.31746392285745,0.35508343092853084
TGCATGAGTAAGCTCT-1,-2.4838143196515152,4.098961501190341
TGCATGATCTTCACAT-1,0.7626629102677976,-10.184717874226893
TGCCGAGAGTTTGGCT-1,10.497771046584356,-18.423434542082642
TGCCGAGCAGGCCCTA-1,-3.3260364883963973,5.382299010474494
TGCCGAGGTAGTTAGA-1,-1.2763928262811883,2.9702208609980696
TGCGACGGTAGGGTAC-1,12.260110861359996,-18.96903429824073
TGCGGCAAGCACGTCC-1,-0.15664855830632274,-10.189977981452762
TGCGGCAAGCCTCACG-1,0.5745082011864205,-9.195099964471991
TGCTCCAAGGTGTGAC-1,0.1096354655268478,-9.781476918808755
TGCTTCGTCTTAGTTC-1,-0.4185700995934948,1.5478085222342055
TGCTTGCCAGCACACC-1,-0.6598007595563259,-9.684154211828723
TGGAACTAGCCGGATA-1,2.4000794864495867,3.3393917852249135
TGGAACTAGCTACTAC-1,13.524057268146283,-19.162020435177585
TGGAACTCACTACACA-1,-4.467181163481414,-2.8390818156470656
TGGAGAGCAAGTAGTA-1,12.934535581789424,-19.409024533317183
TGGAGAGGTCTTGCGG-1,13.577229964130018,-18.00430377474655
TGGAGAGTCACTGCTC-1,0.2557021514287969,-9.076397582328656
TGGAGGACACCGTACG-1,0.9022315628078577,-9.214301022578704
TGGATCATCAATCAGC-1,-3.302749193688043,-4.161702373070395
TGGATGTTCCTGTTAT-1,-3.9316226938246377,-3.627490240826177
TGGCGTGAGAAGCGGG-1,1.8090219726010697,4.105071881825978
TGGGAAGTCGACATCA-1,-2.3294927838298416,-4.3621412082063795
TGGGAGACATCGCTGG-1,11.716433343341697,-20.05442534293734
TGGGAGATCCCAAGTA-1,11.764857654004311,-17.58139193964272
TGGGATTAGCGTATAA-1,-3.3186776578934993,5.726768064396554
TGGGATTTCAGTCTTT-1,0.37269424603213,-9.469870843950583
TGGGATTTCGAGTGAG-1,1.3596144801046948,-9.358266782300765
TGGGATTTCTCGACCT-1,-0.8366082857098525,2.639707622522876
TGGGCTGCACACGGAA-1,-3.663438818152264,-3.814444137375121
TGGGCTGTCGAAATCC-1,1.2428178299892805,-9.798300561555756
TGGGTTATCAGTGCGC-1,1.5324608457383369,2.9820819026102923
TGGGTTATCCCTGGTT-1,0.16431591913352928,0.9327206480485727
TGGTAGTGTATGAAGT-1,13.395119648712946,-18.977624892427954
TGGTGATTCCCATAAG-1,12.972946582207134,-19.579921291398858
TGGTTAGAGAGAGCCT-1,-3.2766775961905243,2.5538202489539277
TGGTTAGCAGTAGTTC-1,-3.2565339746741815,5.761504704805591
TGGTTAGTCTCGGTAA-1,-2.3051970960151693,5.519950198741563
TGTAACGAGCTAATGA-1,-2.4308085618354816,2.871975805048474
TGTAACGTCTCTCAAT-1,-2.754981811159685,2.736622215279177
TGTAAGCTCCTTCTAA-1,-1.8110918606206623,6.438007635735121
TGTACAGCAACCTAAC-1,-1.17008238505688,2.4503088232286796
TGTACAGCATTGACCA-1,-3.0820947595604062,0.20112738699311333
TGTCAGATCGCTGCGA-1,-2.9348565253595695,2.045712735195985
TGTCCTGAGCACTAGG-1,0.22870292935594214,6.30133927913183
TGTGATGCACCATAAC-1,-1.1629328562771668,5.856904415359863
TGTGTGACAGCCGGTT-1,-1.9618137118940693,6.146816372865781
TGTGTGAGTCGGAAAC-1,-1.170376433912652,3.0776176915881877
TGTGTGATCAGGGATG-1,1.4979585583989834,-10.038574245938026
TGTTACTAGGGAGTGG-1,-2.9348471304550516,-0.6125593028018863
TGTTCATCATGACTCA-1,0.9243498135119469,-10.486382614534694
TGTTCATGTAGGGAGG-1,-4.355832253462447,-2.5761262328986314
TGTTCATGTGGACCTC-1,-3.715472487203949,6.707126023356416
TGTTCTAGTACCTTCC-1,1.5150853031477696,-9.418688691771164
TGTTGAGAGCACAAAT-1,12.640514330347035,-19.316595920908192
TGTTGAGAGCGTTGTT-1,-0.5254647962288506,-10.786277168158513
TGTTGAGGTGTTCAGT-1,-0.44262308088718383,-9.861141161469524
TGTTGGAAGTGATAGT-1,11.908549540661081,-17.711441882502772
TGTTGGAGTAGCGTTT-1,-3.2557517601842374,4.371816940020933
TGTTTGTAGTTCCGGC-1,-2.4829850560507123,4.379125419688569
TGTTTGTCAGGGTTGA-1,-2.8072939156468815,-0.10581134453758316
TGTTTGTGTTCCACGG-1,-2.1180420891911447,5.777941687130186
TTAATCCTCACGGGAA-1,-4.537105295751548,-2.772702493804227
TTACAGGCATGGACAG-1,-2.4224305943969364,5.318269540355487
TTACCATAGCGTTGTT-1,1.474395251646025,4.255832827280505
TTACCGCTCCCTTGTG-1,-0.4088573416668723,-9.95042695712038
TTACGCCCAAATGGTA-1,-3.212674820155206,2.2328531488109564
TTACGCCGTAACAAGT-1,12.994881314119242,-19.796582484038655
TTACGTTTCTGGAGAG-1,0.6116398415419978,-9.431340623261343
TTACTGTAGACCCGCT-1,-2.3101121598235292,-0.3341490135469216
TTAGGCAAGAGAAGGT-1,-2.2032368679687204,6.029320226921914
TTAGGCACATCGTCCT-1,-1.3254589806304908,1.7313338228381125
TTAGTCTAGGACAGTC-1,0.48201005374769335,1.9104370226667196
TTAGTCTCAGACCATT-1,0.35624898374333946,3.2257961427895796
TTAGTCTGTTCCTAAG-1,-1.6648549092014415,7.303678007929792
TTCACCGCATTCCTCG-1,-1.7509668655802246,2.7812080065720406
TTCACCGTCCTCTTTC-1,0.6432115938668718,-10.828270183805065
TTCAGGATCCTCATAT-1,-1.790831983300157,2.887438920504166
TTCATGTCACCAGTAT-1,-3.3724660650984717,-4.440656990045641
TTCCAATAGCATAGGC-1,-1.064874848515706,5.715242271603569
TTCCAATAGTAATCCC-1,-2.0475296761421236,0.43696390289956083
TTCCACGTCCGCGGAT-1,13.467545356682,-19.007468060918086
TTCCGTGAGCCTGTGC-1,-0.3120523982876056,2.6625896444825434
TTCCTCTAGGACAAGA-1,-3.4557353557935078,4.052148817400013
TTCCTTCAGACGGATC-1,-3.0043677124388446,4.292449406293202
TTCCTTCAGCTCGACC-1,-2.270797458427988,-0.26791791691080186
TTCGCTGTCACATTGG-1,-2.9900532807241755,6.5944787774583125
TTCGGTCAGCCTCAAT-1,-4.221432122479259,7.522135059019842
TTCGGTCAGGAGTATT-1,-3.50383681657726,2.8835603820037625
TTCGGTCTCAAGAATG-1,-1.8120294710002733,6.043200742832972
TTCTAACAGACTGGGT-1,-2.8409415474701554,-2.1171349347591826
TTCTCTCCAAGACGAC-1,-2.684597990169019,3.591578914805996
TTCTGTACACACCTGG-1,11.88408140298025,-19.97657418844226
TTCTTCCGTCTTTATC-1,11.686566737189562,-17.54790007719441
TTCTTGAAGTGAGGCT-1,10.035746256358903,-17.555709609745442
TTCTTGAGTAACCCTA-1,0.08287509863394713,1.4550578664145648
TTCTTGAGTCGAGATG-1,-3.824020565351743,4.620700772509716
TTGACCCTCGATACGT-1,0.12293251546903401,4.341769979413337
TTGAGTGAGGTGCGAT-1,-2.894892082219851,0.8018130781548591
TTGAGTGTCCGATGCG-1,-0.3177698064036933,2.6154360552400604
TTGATGGAGCGACATG-1,-1.6766691690139952,7.368652929659438
TTGATGGCAAGATGGC-1,1.3034858667274012,-9.245587456710183
TTGATGGGTAAGCGGT-1,0.4283240601610269,2.6127658657600743
TTGATGGGTAGCTTTG-1,-3.5616746681704616,1.4116844685868426
TTGCATTAGACGATAT-1,0.05356060445688757,3.5204143181779104
TTGCATTCAGAGGAAA-1,-3.4678502200904724,4.741900832403179
TTGCATTTCTGAGATC-1,12.08219151038351,-20.002768507798976
TTGCCTGAGAGTGACC-1,-2.8536800177252544,3.9543663602662797
TTGCCTGGTTCCCAAA-1,-2.6441432954608985,-3.6620845994655715
TTGCCTGTCCGACATA-1,0.6440955299092732,-9.772860574649744
TTGCGTCAGTATGAAC-1,-3.086360040100342,-0.31210999128556766
TTGCGTCAGTTTCTTC-1,-0.4844093731626229,-10.926327092219696
TTGGATGAGACCAGCA-1,-3.3838950674107298,6.209704792753036
TTGGATGAGAGAGCGG-1,0.44310338810992206,4.220869920011602
TTGGATGAGTCATTGC-1,1.1023738773109355,-10.236095261285596
TTGGATGTCGACATAC-1,-3.5846902400699596,3.2404962680436675
TTGGATGTCGTTGTAG-1,-0.8272091615630911,2.5141867427849447
TTGGGCGGTAGGGTAC-1,11.55912262819593,-20.158287304894298
TTGGGTACAACACGTT-1,11.216820128286356,-19.31989188224103
TTGGTTTAGGTGCTAG-1,1.9313482352026217,3.1756283209429568
TTGTTCAAGAAACTCA-1,-2.694585504212023,1.9175612093051657
TTGTTCAAGACAGCTG-1,-0.17467346200894934,-10.815400447843974
TTGTTCAAGCCAGAGT-1,-3.34644032535586,2.83554934301099
TTGTTCAAGGTTGTTC-1,0.5462495549542354,-9.287078540533395
TTGTTGTGTGTTAGCT-1,-4.076150376576399,7.529469037709973
TTGTTTGCACCCAATA-1,-2.5877400479248758,-4.160519088118942
TTTACTGAGAAGGGAT-1,-2.5341644411275577,-3.2864798201694114
TTTACTGAGCTCACTA-1,12.783104266715723,-19.093325725577518
TTTATGCTCATTTGGG-1,11.651073227387997,-19.93789579173382
TTTCACAGTGGCTAGA-1,-0.9714230894967235,2.86218464022115
TTTCACATCAGCGGAA-1,13.190159939953785,-18.83412794347059
TTTCACATCGCAAGAG-1,0.32247174439788057,2.389087755492123
TTTCAGTAGACCTCCG-1,-0.10570338214309959,1.8953473424372387
TTTCAGTTCTACCTTA-1,-2.076969579556276,-0.5747860577883811
TTTCATGCACAAGCAG-1,2.04553929500269,3.1797467373286157
TTTCATGTCGAACTCA-1,-2.94050051968133,0.9780342114951963
TTTCGATTCACACCGG-1,-0.8612771527600417,4.539712593815544
TTTGACTTCGTTCAGA-1,-2.767559992431541,5.856268369759704
TTTGATCTCCATAGGT-1,-0.14246108047477815,-10.061218993695721
TTTGGAGAGGCTAACG-1,-0.17939603015880146,2.582249303502322
TTTGGTTAGTAATCCC-1,-1.5168850395152687,5.699295747841189
TTTGTTGGTATGGAAT-1,1.2745670488606964,-9.339874952878155
